player_id,full_name,team_name,position,season,gamesPlayed,gamesStarted,groundOuts,airOuts,runs,doubles,triples,homeRuns,strikeOuts,baseOnBalls,intentionalWalks,hits,hitByPitch,avg,atBats,obp,slg,ops,caughtStealing,stolenBases,stolenBasePercentage,groundIntoDoublePlay,numberOfPitches,era,inningsPitched,wins,losses,saves,saveOpportunities,holds,blownSaves,earnedRuns,whip,battersFaced,outs,gamesPitched,completeGames,shutouts,strikes,strikePercentage,hitBatsmen,balks,wildPitches,pickoffs,totalBases,groundOutsToAirouts,winPercentage,pitchesPerInning,gamesFinished,strikeoutWalkRatio,strikeoutsPer9Inn,walksPer9Inn,hitsPer9Inn,runsScoredPer9,homeRunsPer9,inheritedRunners,inheritedRunnersScored,catchersInterference,sacBunts,sacFlies,plateAppearances,rbi,leftOnBase,babip,atBatsPerHomeRun
656271,Brock Burke,Los Angeles Angels,Pitcher,2025,38,0.0,34,31,14,4,2,4,28,15,4,37,2,.301,123,.375,.463,.838,1,2,.667,3,561,3.90,32.1,4.0,1.0,0.0,3.0,9.0,3.0,14.0,1.61,147.0,97.0,38.0,0.0,0.0,353.0,.630,2.0,0.0,0.0,1.0,57,1.10,.800,17.35,9.0,1.87,7.79,4.18,10.30,3.90,1.11,25.0,12.0,0,3,4,,,,,
695681,Christian Moore,Los Angeles Angels,Second Base,2025,16,,13,10,8,0,1,3,19,5,0,10,1,.200,50,.281,.420,.701,0,0,.---,0,238,,,,,,,,,,,,,,,,,,,,,,21,1.30,,,,,,,,,,,,0,1,1,58.0,8.0,21.0,.241,16.67
641401,Connor Brogdon,Los Angeles Angels,Pitcher,2025,20,0.0,16,31,16,3,1,4,17,9,3,20,0,.244,82,.315,.451,.766,2,1,.333,3,359,5.64,22.1,1.0,1.0,0.0,0.0,2.0,0.0,14.0,1.30,93.0,67.0,20.0,0.0,0.0,230.0,.640,0.0,0.0,1.0,0.0,37,0.52,.500,16.07,5.0,1.89,6.85,3.63,8.06,6.45,1.61,14.0,2.0,0,1,1,,,,,
672569,Gustavo Campero,Los Angeles Angels,Outfielder,2025,10,,5,7,2,0,0,1,4,2,0,4,0,.200,20,.273,.350,.623,0,1,1.000,0,97,,,,,,,,,,,,,,,,,,,,,,7,0.71,,,,,,,,,,,,0,0,0,22.0,1.0,8.0,.200,20.00
519326,Hunter Strickland,Los Angeles Angels,Pitcher,2025,17,0.0,18,26,8,6,0,1,10,10,2,15,0,.221,68,.316,.353,.669,2,1,.333,1,284,3.38,18.2,1.0,2.0,1.0,2.0,2.0,1.0,7.0,1.34,79.0,56.0,17.0,0.0,0.0,178.0,.630,0.0,0.0,1.0,1.0,24,0.69,.333,15.21,5.0,1.00,4.82,4.82,7.23,3.86,0.48,20.0,4.0,0,0,1,,,,,
686799,Jack Kochanowicz,Los Angeles Angels,Pitcher,2025,17,17.0,102,73,53,9,0,15,61,40,2,94,6,.289,325,.372,.455,.827,3,4,.571,14,1389,5.44,86.0,3.0,8.0,0.0,0.0,0.0,0.0,52.0,1.56,376.0,258.0,17.0,0.0,0.0,865.0,.620,6.0,0.0,3.0,0.0,148,1.40,.273,16.15,0.0,1.53,6.38,4.19,9.84,5.55,1.57,0.0,0.0,0,0,5,,,,,
666176,Jo Adell,Los Angeles Angels,Outfielder,2025,76,,51,69,33,8,0,18,64,18,0,59,8,.243,243,.316,.498,.814,0,3,1.000,1,1015,,,,,,,,,,,,,,,,,,,,,,121,0.74,,,,,,,,,,,,1,0,0,270.0,43.0,100.0,.255,13.50
820862,José Fermin,Los Angeles Angels,Pitcher,2025,12,0.0,5,13,7,0,0,2,16,6,1,10,1,.227,44,.333,.364,.697,0,0,.---,0,217,3.97,11.1,0.0,0.0,0.0,0.0,0.0,0.0,5.0,1.41,51.0,34.0,12.0,0.0,0.0,139.0,.640,1.0,0.0,0.0,0.0,16,0.38,.---,19.15,1.0,2.67,12.71,4.76,7.94,5.56,1.59,2.0,1.0,0,0,0,,,,,
667755,José Soriano,Los Angeles Angels,Pitcher,2025,17,17.0,140,47,46,14,0,4,84,45,0,98,2,.268,365,.350,.340,.690,1,5,.833,19,1591,3.99,97.0,5.0,5.0,0.0,0.0,0.0,0.0,43.0,1.47,417.0,291.0,17.0,0.0,0.0,979.0,.620,2.0,0.0,3.0,0.0,124,2.98,.500,16.40,0.0,1.87,7.79,4.18,9.09,4.27,0.37,0.0,0.0,1,2,2,,,,,
445276,Kenley Jansen,Los Angeles Angels,Pitcher,2025,32,0.0,16,45,14,4,1,6,26,11,2,28,0,.246,114,.312,.456,.768,0,11,1.000,1,474,4.40,28.2,1.0,2.0,15.0,16.0,0.0,1.0,14.0,1.36,126.0,86.0,32.0,0.0,0.0,326.0,.690,0.0,3.0,0.0,0.0,52,0.36,.333,16.53,23.0,2.36,8.16,3.45,8.79,4.40,1.88,6.0,2.0,0,1,0,,,,,
621028,Kevin Newman,Los Angeles Angels,Third Base,2025,38,,27,26,9,2,0,1,17,1,0,17,0,.198,86,.207,.256,.463,0,1,1.000,2,314,,,,,,,,,,,,,,,,,,,,,,22,1.04,,,,,,,,,,,,0,1,0,88.0,8.0,36.0,.235,86.00
543294,Kyle Hendricks,Los Angeles Angels,Pitcher,2025,16,16.0,86,108,48,20,2,15,60,23,3,90,4,.265,340,.315,.468,.783,1,11,.917,7,1375,4.66,87.0,5.0,6.0,0.0,0.0,0.0,0.0,45.0,1.30,371.0,261.0,16.0,0.0,0.0,924.0,.670,4.0,0.0,0.0,0.0,159,0.80,.455,15.80,0.0,2.61,6.21,2.38,9.31,4.97,1.55,0.0,0.0,0,0,4,,,,,
664774,LaMonte Wade Jr.,Los Angeles Angels,First Base,2025,64,,32,72,16,8,2,1,47,24,1,29,3,.164,177,.273,.249,.522,0,1,1.000,2,901,,,,,,,,,,,,,,,,,,,,,,44,0.44,,,,,,,,,,,,0,2,1,207.0,15.0,89.0,.215,177.00
681351,Logan O'Hoppe,Los Angeles Angels,Catcher,2025,68,,48,56,25,4,0,17,85,10,0,57,1,.233,245,.265,.457,.722,1,0,.000,7,1016,,,,,,,,,,,,,,,,,,,,,,112,0.86,,,,,,,,,,,,0,0,1,257.0,37.0,106.0,.278,14.41
650859,Luis Rengifo,Los Angeles Angels,Third Base,2025,76,,93,64,25,9,1,4,48,16,0,60,1,.229,262,.274,.317,.591,5,2,.286,7,1010,,,,,,,,,,,,,,,,,,,,,,83,1.45,,,,,,,,,,,,0,1,2,282.0,19.0,89.0,.264,65.50
677950,Alek Thomas,Arizona Diamondbacks,Outfielder,2025,73,,71,39,25,9,2,4,59,11,0,52,4,.239,218,.285,.353,.638,2,5,.714,2,870,,,,,,,,,,,,,,,,,,,,,,77,1.82,,,,,,,,,,,,0,1,2,236.0,22.0,102.0,.306,54.50
543101,Anthony DeSclafani,Arizona Diamondbacks,Pitcher,2025,3,0.0,7,7,6,2,0,3,7,2,0,8,1,.276,29,.344,.655,.999,0,0,.---,1,124,6.14,7.1,0.0,0.0,1.0,1.0,0.0,0.0,5.0,1.36,32.0,22.0,3.0,0.0,0.0,78.0,.630,1.0,0.0,0.0,0.0,19,1.00,.---,16.91,2.0,3.50,8.59,2.45,9.82,7.36,3.68,1.0,0.0,0,0,0,,,,,
677942,Blaze Alexander,Arizona Diamondbacks,Shortstop,2025,2,,0,0,0,0,0,0,0,0,0,0,0,.000,0,.000,.000,.000,0,0,.---,0,0,,,,,,,,,,,,,,,,,,,,,,0,-.--,,,,,,,,,,,,0,0,0,0.0,0.0,0.0,.---,-.--
694297,Brandon Pfaadt,Arizona Diamondbacks,Pitcher,2025,17,17.0,84,94,54,25,0,16,72,21,1,97,9,.280,346,.337,.491,.828,2,7,.778,5,1472,5.38,85.1,8.0,5.0,0.0,0.0,0.0,0.0,51.0,1.38,377.0,256.0,17.0,0.0,0.0,939.0,.640,9.0,0.0,2.0,0.0,170,0.89,.615,17.25,0.0,3.43,7.59,2.21,10.23,5.70,1.69,0.0,0.0,0,0,1,,,,,
593958,Eduardo Rodriguez,Arizona Diamondbacks,Pitcher,2025,14,14.0,59,76,48,22,2,11,80,27,1,85,0,.289,294,.345,.490,.835,2,5,.714,2,1228,5.13,72.0,3.0,4.0,0.0,0.0,0.0,0.0,41.0,1.56,328.0,216.0,14.0,0.0,0.0,766.0,.620,0.0,1.0,3.0,0.0,144,0.78,.429,17.06,0.0,2.96,10.00,3.38,10.63,6.00,1.38,0.0,0.0,1,2,4,,,,,
553993,Eugenio Suárez,Arizona Diamondbacks,Third Base,2025,81,,51,87,48,16,0,25,86,21,1,76,11,.257,296,.325,.564,.889,0,1,1.000,5,1307,,,,,,,,,,,,,,,,,,,,,,167,0.59,,,,,,,,,,,,0,0,4,332.0,68.0,128.0,.270,11.84
672695,Geraldo Perdomo,Arizona Diamondbacks,Shortstop,2025,82,,84,107,46,18,1,9,42,47,0,79,3,.262,301,.358,.419,.777,2,13,.867,6,1511,,,,,,,,,,,,,,,,,,,,,,126,0.79,,,,,,,,,,,,0,2,9,362.0,57.0,112.0,.270,33.44
664983,Jake McCarthy,Arizona Diamondbacks,Outfielder,2025,19,,22,21,5,1,1,1,9,5,0,7,1,.121,58,.200,.224,.424,0,2,1.000,1,240,,,,,,,,,,,,,,,,,,,,,,13,1.05,,,,,,,,,,,,0,0,1,65.0,5.0,28.0,.122,58.00
656222,Jalen Beeks,Arizona Diamondbacks,Pitcher,2025,39,0.0,44,33,22,10,0,4,36,15,2,31,1,.217,143,.294,.371,.665,0,4,1.000,2,623,4.74,38.0,2.0,1.0,1.0,3.0,11.0,2.0,20.0,1.21,160.0,114.0,39.0,0.0,0.0,390.0,.630,1.0,0.0,0.0,0.0,53,1.33,.667,16.39,5.0,2.40,8.53,3.55,7.34,5.21,0.95,15.0,5.0,0,0,1,,,,,
543510,James McCann,Arizona Diamondbacks,Catcher,2025,2,,2,1,2,1,0,0,0,1,0,3,1,.500,6,.625,.667,1.292,0,0,.---,1,28,,,,,,,,,,,,,,,,,,,,,,4,2.00,,,,,,,,,,,,0,0,0,8.0,1.0,1.0,.500,-.--
595928,John Curtiss,Arizona Diamondbacks,Pitcher,2025,1,0.0,2,2,0,0,0,0,0,0,0,0,0,.000,4,.000,.000,.000,0,0,.---,0,6,0.00,1.1,0.0,0.0,0.0,0.0,0.0,0.0,0.0,0.00,4.0,4.0,1.0,0.0,0.0,6.0,1.000,0.0,0.0,0.0,0.0,0,1.00,.---,4.50,1.0,-.--,0.00,0.00,0.00,0.00,0.00,1.0,0.0,0,0,0,,,,,
645444,Jose Herrera,Arizona Diamondbacks,Catcher,2025,36,,30,33,14,4,0,1,29,18,0,20,0,.192,104,.309,.260,.569,0,0,.---,1,560,,,,,,,,,,,,,,,,,,,,,,27,0.91,,,,,,,,,,,,0,7,1,130.0,9.0,38.0,.253,104.00
647304,Josh Naylor,Arizona Diamondbacks,First Base,2025,77,,89,76,42,18,1,10,42,26,1,89,1,.304,293,.359,.474,.833,2,10,.833,10,1066,,,,,,,,,,,,,,,,,,,,,,139,1.17,,,,,,,,,,,,1,0,3,324.0,53.0,119.0,.324,29.30
666661,Juan Morillo,Arizona Diamondbacks,Pitcher,2025,27,0.0,24,17,14,4,2,2,25,13,0,24,1,.270,89,.369,.427,.796,1,1,.500,5,413,4.07,24.1,0.0,2.0,0.0,0.0,4.0,0.0,11.0,1.52,104.0,73.0,27.0,0.0,0.0,260.0,.630,1.0,0.0,1.0,0.0,38,1.41,.000,16.97,3.0,1.92,9.25,4.81,8.88,5.18,0.74,11.0,5.0,0,1,0,,,,,
606466,Ketel Marte,Arizona Diamondbacks,Second Base,2025,57,,59,50,48,11,0,17,38,32,4,64,4,.305,210,.405,.600,1.005,1,2,.667,6,925,,,,,,,,,,,,,,,,,,,,,,126,1.18,,,,,,,,,,,,0,0,1,247.0,37.0,89.0,.301,12.35
552640,Andrew Kittredge,Baltimore Orioles,Pitcher,2025,16,0.0,19,13,10,2,2,2,17,6,0,19,0,.279,68,.338,.456,.794,0,3,1.000,0,264,5.06,16.0,1.0,1.0,0.0,0.0,4.0,0.0,9.0,1.56,74.0,48.0,16.0,0.0,0.0,175.0,.660,0.0,0.0,1.0,0.0,31,1.46,.500,16.50,4.0,2.83,9.56,3.38,10.69,5.63,1.13,3.0,1.0,0,0,0,,,,,
641329,Bryan Baker,Baltimore Orioles,Pitcher,2025,38,0.0,25,32,13,3,2,6,43,8,0,27,0,.213,127,.259,.409,.668,1,1,.500,4,542,2.80,35.1,3.0,2.0,2.0,5.0,9.0,3.0,11.0,0.99,135.0,106.0,38.0,0.0,0.0,360.0,.660,0.0,0.0,0.0,0.0,52,0.78,.600,15.34,7.0,5.38,10.95,2.04,6.88,3.31,1.53,18.0,2.0,0,0,0,,,,,
656775,Cedric Mullins,Baltimore Orioles,Outfielder,2025,67,,37,86,33,12,0,12,69,27,0,51,2,.213,240,.295,.413,.708,2,8,.800,2,1163,,,,,,,,,,,,,,,,,,,,,,99,0.43,,,,,,,,,,,,0,1,2,272.0,39.0,106.0,.242,20.00
644433,Chadwick Tromp,Baltimore Orioles,Catcher,2025,7,,5,6,2,1,0,1,6,1,0,3,0,.150,20,.190,.350,.540,0,0,.---,1,67,,,,,,,,,,,,,,,,,,,,,,7,0.83,,,,,,,,,,,,0,0,0,21.0,1.0,12.0,.154,20.00
450203,Charlie Morton,Baltimore Orioles,Pitcher,2025,18,12.0,65,68,47,11,2,10,77,34,0,79,6,.280,282,.364,.440,.804,0,6,1.000,5,1300,5.63,72.0,4.0,7.0,0.0,0.0,0.0,0.0,45.0,1.57,330.0,216.0,18.0,0.0,0.0,817.0,.630,6.0,1.0,1.0,3.0,124,0.96,.364,18.06,1.0,2.26,9.63,4.25,9.88,5.88,1.25,3.0,0.0,1,2,5,,,,,
691723,Coby Mayo,Baltimore Orioles,First Base,2025,22,,16,19,7,5,0,1,19,5,0,15,0,.217,69,.270,.333,.603,0,1,1.000,1,276,,,,,,,,,,,,,,,,,,,,,,23,0.84,,,,,,,,,,,,0,0,0,74.0,9.0,35.0,.286,69.00
681297,Colton Cowser,Baltimore Orioles,Outfielder,2025,25,,23,17,12,6,0,6,29,5,0,21,4,.233,90,.303,.500,.803,0,1,1.000,1,388,,,,,,,,,,,,,,,,,,,,,,45,1.35,,,,,,,,,,,,0,0,0,99.0,14.0,32.0,.273,15.00
665152,Dean Kremer,Baltimore Orioles,Pitcher,2025,17,16.0,89,115,48,20,2,12,78,25,0,100,1,.263,380,.309,.421,.730,0,4,1.000,7,1551,4.27,97.0,7.0,7.0,0.0,0.0,0.0,0.0,46.0,1.29,408.0,291.0,17.0,0.0,0.0,1028.0,.660,1.0,0.0,5.0,0.0,160,0.77,.500,15.99,0.0,3.12,7.24,2.32,9.28,4.45,1.11,0.0,0.0,0,0,2,,,,,
656896,Emmanuel Rivera,Baltimore Orioles,Third Base,2025,26,,20,21,3,3,0,0,12,6,0,16,1,.232,69,.303,.275,.578,0,1,1.000,3,303,,,,,,,,,,,,,,,,,,,,,,19,0.95,,,,,,,,,,,,0,0,0,76.0,3.0,29.0,.281,-.--
642585,Félix Bautista,Baltimore Orioles,Pitcher,2025,29,0.0,23,21,9,4,0,3,41,18,0,15,0,.150,100,.280,.280,.560,1,5,.833,0,516,2.83,28.2,0.0,1.0,16.0,17.0,0.0,1.0,9.0,1.15,118.0,86.0,29.0,0.0,0.0,305.0,.590,0.0,0.0,1.0,0.0,28,1.10,.000,18.00,25.0,2.28,12.87,5.65,4.71,2.83,0.94,2.0,0.0,0,0,0,,,,,
596142,Gary Sánchez,Baltimore Orioles,Catcher,2025,25,,18,17,12,1,0,4,20,4,0,18,5,.250,72,.329,.431,.760,0,0,.---,2,336,,,,,,,,,,,,,,,,,,,,,,31,1.06,,,,,,,,,,,,0,0,1,82.0,19.0,20.0,.286,18.00
642397,Gregory Soto,Baltimore Orioles,Pitcher,2025,36,0.0,31,22,12,7,0,2,36,12,0,24,2,.218,110,.302,.336,.638,0,5,1.000,3,480,3.30,30.0,0.0,2.0,0.0,1.0,17.0,1.0,11.0,1.20,127.0,90.0,36.0,0.0,0.0,309.0,.640,2.0,0.0,3.0,0.0,37,1.41,.000,16.00,8.0,3.00,10.80,3.60,7.20,3.60,0.60,18.0,4.0,0,1,2,,,,,
683002,Gunnar Henderson,Baltimore Orioles,Shortstop,2025,76,,72,60,42,14,3,9,79,30,4,80,2,.275,291,.347,.436,.783,2,9,.818,5,1224,,,,,,,,,,,,,,,,,,,,,,127,1.20,,,,,,,,,,,,0,0,0,323.0,25.0,92.0,.350,32.33
702616,Jackson Holliday,Baltimore Orioles,Second Base,2025,76,,73,71,33,12,2,10,76,18,0,77,4,.259,297,.310,.414,.724,7,9,.563,3,1167,,,,,,,,,,,,,,,,,,,,,,123,1.03,,,,,,,,,,,,0,0,0,319.0,33.0,93.0,.318,29.70
676059,Jordan Westburg,Baltimore Orioles,Third Base,2025,36,,36,31,20,5,1,7,38,9,0,31,2,.228,136,.286,.434,.720,1,1,.500,2,569,,,,,,,,,,,,,,,,,,,,,,59,1.16,,,,,,,,,,,,0,0,0,147.0,14.0,48.0,.264,19.43
647351,Abraham Toro,Boston Red Sox,First Base,2025,41,,33,43,19,9,0,5,24,6,0,39,3,.285,137,.324,.460,.784,0,1,1.000,0,570,,,,,,,,,,,,,,,,,,,,,,63,0.77,,,,,,,,,,,,0,0,2,148.0,15.0,43.0,.309,27.40
547973,Aroldis Chapman,Boston Red Sox,Pitcher,2025,37,0.0,18,34,6,2,0,2,50,10,0,17,0,.144,118,.209,.212,.421,0,4,1.000,2,496,1.32,34.0,3.0,2.0,14.0,15.0,2.0,1.0,5.0,0.79,129.0,102.0,37.0,0.0,0.0,348.0,.700,0.0,0.0,1.0,0.0,25,0.53,.600,14.59,21.0,5.00,13.24,2.65,4.50,1.59,0.53,5.0,0.0,0,0,1,,,,,
678394,Brayan Bello,Boston Red Sox,Pitcher,2025,13,13.0,94,59,32,8,0,7,52,32,0,71,4,.260,273,.345,.366,.711,5,9,.643,6,1226,3.41,71.1,3.0,3.0,0.0,0.0,0.0,0.0,27.0,1.44,312.0,214.0,13.0,0.0,0.0,736.0,.600,4.0,0.0,0.0,1.0,100,1.59,.500,17.19,0.0,1.63,6.56,4.04,8.96,4.04,0.88,0.0,0.0,0,2,1,,,,,
657514,Brennan Bernardino,Boston Red Sox,Pitcher,2025,37,0.0,37,33,20,4,0,1,26,17,4,28,3,.233,120,.336,.292,.628,0,3,1.000,0,539,4.26,31.2,3.0,2.0,0.0,0.0,2.0,0.0,15.0,1.42,145.0,95.0,37.0,0.0,0.0,336.0,.620,3.0,0.0,2.0,0.0,35,1.12,.600,17.02,7.0,1.53,7.39,4.83,7.96,5.68,0.28,25.0,9.0,1,1,3,,,,,
665966,Carlos Narváez,Boston Red Sox,Catcher,2025,63,,46,53,33,16,0,7,60,27,0,59,0,.272,217,.351,.442,.793,1,1,.500,5,1014,,,,,,,,,,,,,,,,,,,,,,96,0.87,,,,,,,,,,,,0,0,1,245.0,25.0,99.0,.344,31.00
678882,Ceddanne Rafaela,Boston Red Sox,Outfielder,2025,80,,71,77,44,14,2,9,60,14,0,69,4,.253,273,.298,.418,.716,1,11,.917,2,1052,,,,,,,,,,,,,,,,,,,,,,114,0.92,,,,,,,,,,,,0,3,1,295.0,33.0,119.0,.293,30.33
669684,Chris Murphy,Boston Red Sox,Pitcher,2025,1,0.0,2,2,0,0,0,0,2,2,0,0,0,.000,6,.250,.000,.250,0,0,.---,0,31,0.00,2.0,0.0,0.0,0.0,0.0,0.0,0.0,0.0,1.00,8.0,6.0,1.0,0.0,0.0,18.0,.580,0.0,0.0,0.0,0.0,0,1.00,.---,15.50,1.0,1.00,9.00,9.00,0.00,0.00,0.00,0.0,0.0,0,0,0,,,,,
657136,Connor Wong,Boston Red Sox,Catcher,2025,30,,22,21,6,0,0,0,20,9,0,11,1,.151,73,.250,.151,.401,0,1,1.000,5,343,,,,,,,,,,,,,,,,,,,,,,11,1.05,,,,,,,,,,,,0,0,1,84.0,1.0,49.0,.204,-.--
666152,David Hamilton,Boston Red Sox,Second Base,2025,56,,29,32,14,3,0,3,30,5,0,19,1,.176,108,.219,.287,.506,3,12,.800,2,412,,,,,,,,,,,,,,,,,,,,,,31,0.91,,,,,,,,,,,,0,2,0,116.0,10.0,45.0,.213,36.00
676979,Garrett Crochet,Boston Red Sox,Pitcher,2025,17,17.0,95,89,28,13,0,9,135,31,0,80,0,.201,398,.258,.302,.560,4,10,.714,6,1699,2.06,109.1,7.0,4.0,0.0,0.0,0.0,0.0,25.0,1.02,431.0,328.0,17.0,0.0,0.0,1137.0,.670,0.0,3.0,2.0,0.0,120,1.07,.636,15.54,0.0,4.35,11.11,2.55,6.59,2.30,0.74,0.0,0.0,1,0,1,,,,,
676477,Garrett Whitlock,Boston Red Sox,Pitcher,2025,30,0.0,32,37,17,5,0,2,50,19,1,31,3,.209,148,.308,.284,.592,2,4,.667,1,726,3.51,41.0,5.0,1.0,1.0,5.0,7.0,4.0,16.0,1.22,172.0,123.0,30.0,0.0,0.0,466.0,.640,3.0,0.0,3.0,0.0,42,0.86,.833,17.71,5.0,2.63,10.98,4.17,6.80,3.73,0.44,6.0,2.0,0,0,2,,,,,
669711,Greg Weissert,Boston Red Sox,Pitcher,2025,40,0.0,36,38,15,6,0,4,33,11,1,31,1,.226,137,.289,.358,.647,2,5,.714,3,575,2.92,37.0,2.0,2.0,3.0,7.0,14.0,4.0,12.0,1.14,150.0,111.0,40.0,0.0,0.0,356.0,.620,1.0,0.0,0.0,0.0,49,0.95,.500,15.54,6.0,3.00,8.03,2.68,7.54,3.65,0.97,15.0,1.0,0,1,0,,,,,
680776,Jarren Duran,Boston Red Sox,Outfielder,2025,84,,81,94,43,20,9,5,92,24,0,89,6,.252,353,.309,.402,.711,5,15,.750,3,1441,,,,,,,,,,,,,,,,,,,,,,142,0.86,,,,,,,,,,,,0,1,2,386.0,38.0,120.0,.326,70.60
660896,Jorge Alcala,Boston Red Sox,Pitcher,2025,27,0.0,18,30,25,7,0,5,32,16,0,32,1,.294,109,.380,.495,.875,2,3,.600,2,543,7.62,28.1,0.0,2.0,0.0,1.0,1.0,1.0,24.0,1.69,129.0,85.0,27.0,0.0,0.0,343.0,.630,1.0,0.0,4.0,0.0,54,0.60,.000,19.16,10.0,2.00,10.16,5.08,10.16,7.94,1.59,9.0,6.0,0,0,3,,,,,
458677,Justin Wilson,Boston Red Sox,Pitcher,2025,33,0.0,21,21,11,4,0,1,33,12,2,25,1,.255,98,.339,.327,.666,2,3,.600,2,450,2.39,26.1,2.0,1.0,0.0,4.0,11.0,4.0,7.0,1.41,113.0,79.0,33.0,0.0,0.0,282.0,.630,1.0,0.0,3.0,0.0,32,1.00,.667,17.09,2.0,2.75,11.28,4.10,8.54,3.76,0.34,19.0,7.0,0,1,1,,,,,
641745,Brad Keller,Chicago Cubs,Pitcher,2025,35,1.0,47,25,10,3,0,0,36,12,0,27,4,.201,134,.287,.224,.511,0,0,.---,7,615,1.91,37.2,3.0,0.0,0.0,2.0,12.0,2.0,8.0,1.04,151.0,113.0,35.0,0.0,0.0,388.0,.630,4.0,0.0,1.0,0.0,30,1.88,1.000,16.33,4.0,3.00,8.60,2.87,6.45,2.39,0.00,7.0,2.0,0,1,0,,,,,
690990,Cade Horton,Chicago Cubs,Pitcher,2025,9,8.0,55,42,29,8,0,6,33,14,0,51,4,.287,178,.347,.433,.780,2,5,.714,2,739,4.80,45.0,3.0,2.0,0.0,0.0,0.0,0.0,24.0,1.44,200.0,135.0,9.0,0.0,0.0,474.0,.640,4.0,0.0,1.0,1.0,77,1.31,.600,16.42,0.0,2.36,6.60,2.80,10.20,5.80,1.20,0.0,0.0,1,0,3,,,,,
573204,Caleb Thielbar,Chicago Cubs,Pitcher,2025,35,0.0,20,42,7,7,0,1,28,11,1,18,0,.170,106,.244,.264,.508,1,1,.500,2,469,2.03,31.0,2.0,2.0,1.0,3.0,8.0,2.0,7.0,0.94,119.0,93.0,35.0,0.0,0.0,301.0,.640,0.0,0.0,0.0,1.0,28,0.48,.500,15.13,4.0,2.55,8.13,3.19,5.23,2.03,0.29,20.0,4.0,0,0,2,,,,,
608348,Carson Kelly,Chicago Cubs,Catcher,2025,53,,44,49,30,6,1,9,34,27,0,44,1,.259,170,.362,.465,.827,0,0,.---,5,826,,,,,,,,,,,,,,,,,,,,,,79,0.90,,,,,,,,,,,,0,0,1,199.0,26.0,69.0,.273,18.89
623167,Chris Flexen,Chicago Cubs,Pitcher,2025,15,0.0,28,38,3,1,0,1,14,8,0,16,0,.167,96,.231,.208,.439,2,0,.000,2,396,0.64,28.0,4.0,0.0,1.0,1.0,0.0,0.0,2.0,0.86,104.0,84.0,15.0,0.0,0.0,252.0,.640,0.0,0.0,2.0,0.0,20,0.74,1.000,14.14,10.0,1.75,4.50,2.57,5.14,0.96,0.32,3.0,1.0,0,0,0,,,,,
607067,Colin Rea,Chicago Cubs,Pitcher,2025,17,13.0,66,100,39,14,0,14,56,19,0,88,3,.287,307,.332,.469,.801,1,4,.800,9,1262,4.37,78.1,5.0,3.0,1.0,1.0,0.0,0.0,38.0,1.37,332.0,235.0,17.0,0.0,0.0,813.0,.640,3.0,0.0,2.0,3.0,144,0.66,.625,16.11,3.0,2.95,6.43,2.18,10.11,4.48,1.61,1.0,1.0,0,1,2,,,,,
694037,Daniel Palencia,Chicago Cubs,Pitcher,2025,27,0.0,23,28,7,4,1,2,33,10,1,19,1,.184,103,.263,.301,.564,0,1,1.000,3,454,1.86,29.0,0.0,2.0,8.0,9.0,6.0,1.0,6.0,1.00,114.0,87.0,27.0,0.0,0.0,300.0,.660,1.0,0.0,0.0,0.0,31,0.82,.000,15.66,14.0,3.30,10.24,3.10,5.90,2.17,0.62,5.0,0.0,0,0,0,,,,,
621020,Dansby Swanson,Chicago Cubs,Shortstop,2025,83,,78,76,46,12,2,14,91,26,1,78,0,.245,318,.299,.428,.727,3,7,.700,4,1384,,,,,,,,,,,,,,,,,,,,,,136,1.03,,,,,,,,,,,,0,1,4,349.0,40.0,145.0,.295,22.71
519141,Drew Pomeranz,Chicago Cubs,Pitcher,2025,25,2.0,14,29,1,1,0,0,21,6,1,13,3,.171,76,.256,.184,.440,1,4,.800,2,319,0.00,22.2,2.0,1.0,1.0,1.0,5.0,0.0,0.0,0.84,86.0,68.0,25.0,0.0,0.0,212.0,.660,3.0,0.0,0.0,0.0,14,0.48,.667,14.07,6.0,3.50,8.34,2.38,5.16,0.40,0.00,10.0,2.0,0,0,1,,,,,
664023,Ian Happ,Chicago Cubs,Outfielder,2025,75,,64,91,52,14,0,12,82,42,0,74,1,.240,308,.331,.403,.734,1,4,.800,5,1452,,,,,,,,,,,,,,,,,,,,,,124,0.70,,,,,,,,,,,,0,0,3,354.0,43.0,109.0,.286,25.67
592791,Jameson Taillon,Chicago Cubs,Pitcher,2025,17,17.0,78,130,48,16,2,22,74,20,0,86,0,.236,365,.275,.471,.746,3,7,.700,3,1493,4.44,95.1,7.0,6.0,0.0,0.0,0.0,0.0,47.0,1.11,388.0,286.0,17.0,0.0,0.0,1003.0,.670,0.0,0.0,1.0,1.0,172,0.60,.538,15.66,0.0,3.70,6.99,1.89,8.12,4.53,2.08,0.0,0.0,0,2,1,,,,,
542932,Jon Berti,Chicago Cubs,Third Base,2025,41,,30,18,12,2,0,0,20,4,0,18,2,.209,86,.261,.233,.494,1,9,.900,1,333,,,,,,,,,,,,,,,,,,,,,,20,1.67,,,,,,,,,,,,0,0,0,92.0,2.0,41.0,.273,-.--
457759,Justin Turner,Chicago Cubs,First Base,2025,44,,26,40,7,3,0,1,21,13,0,22,1,.210,105,.293,.267,.560,0,1,1.000,2,529,,,,,,,,,,,,,,,,,,,,,,28,0.65,,,,,,,,,,,,0,0,4,123.0,12.0,41.0,.241,105.00
663656,Kyle Tucker,Chicago Cubs,Outfielder,2025,83,,62,110,61,18,4,17,52,53,7,91,2,.291,313,.395,.537,.932,1,20,.952,5,1416,,,,,,,,,,,,,,,,,,,,,,168,0.56,,,,,,,,,,,,0,0,2,370.0,52.0,113.0,.301,18.41
807713,Matt Shaw,Chicago Cubs,Third Base,2025,53,,46,52,25,11,0,2,42,18,0,40,2,.222,180,.300,.317,.617,1,10,.909,0,780,,,,,,,,,,,,,,,,,,,,,,57,0.88,,,,,,,,,,,,0,0,0,200.0,13.0,93.0,.279,90.00
671096,Andrew Abbott,Cincinnati Reds,Pitcher,2025,14,14.0,47,114,21,11,0,9,76,22,0,60,1,.203,296,.260,.331,.591,1,6,.857,4,1293,1.79,80.1,7.0,1.0,0.0,0.0,0.0,0.0,16.0,1.02,320.0,241.0,14.0,1.0,1.0,848.0,.660,1.0,0.0,3.0,2.0,98,0.41,.875,16.10,0.0,3.45,8.51,2.46,6.72,2.35,1.01,0.0,0.0,0,1,0,,,,,
669720,Austin Hays,Cincinnati Reds,Outfielder,2025,34,,27,31,24,7,3,6,35,8,1,37,1,.289,128,.331,.531,.862,0,2,1.000,2,502,,,,,,,,,,,,,,,,,,,,,,68,0.87,,,,,,,,,,,,0,0,2,139.0,26.0,58.0,.348,21.33
663903,Brady Singer,Cincinnati Reds,Pitcher,2025,16,16.0,72,101,44,18,2,10,76,36,0,78,4,.243,321,.322,.405,.727,0,8,1.000,6,1465,4.31,85.2,7.0,6.0,0.0,0.0,0.0,0.0,41.0,1.33,367.0,257.0,16.0,0.0,0.0,893.0,.610,4.0,0.0,1.0,0.0,130,0.71,.538,17.10,0.0,2.11,7.98,3.78,8.19,4.62,1.05,0.0,0.0,0,1,5,,,,,
608718,Brent Suter,Cincinnati Reds,Pitcher,2025,27,3.0,41,50,15,7,0,4,27,9,0,35,1,.232,151,.278,.358,.636,1,0,.000,1,640,3.15,40.0,1.0,0.0,0.0,0.0,0.0,0.0,14.0,1.10,163.0,120.0,27.0,0.0,0.0,408.0,.640,1.0,0.0,1.0,0.0,54,0.82,1.000,16.00,10.0,3.00,6.08,2.03,7.88,3.38,0.90,13.0,4.0,0,1,1,,,,,
695505,Chase Burns,Cincinnati Reds,Pitcher,2025,1,1.0,2,5,3,0,1,1,8,0,0,6,0,.286,21,.286,.524,.810,0,1,1.000,0,81,5.40,5.0,0.0,0.0,0.0,0.0,0.0,0.0,3.0,1.20,21.0,15.0,1.0,0.0,0.0,53.0,.650,0.0,0.0,0.0,0.0,11,0.40,.---,16.20,0.0,-.--,14.40,0.00,10.80,5.40,1.80,0.0,0.0,0,0,0,,,,,
687952,Christian Encarnacion-Strand,Cincinnati Reds,First Base,2025,31,,29,37,10,4,0,5,28,3,0,22,2,.193,114,.223,.360,.583,2,0,.000,1,412,,,,,,,,,,,,,,,,,,,,,,41,0.78,,,,,,,,,,,,0,0,2,121.0,15.0,50.0,.205,22.80
683175,Connor Phillips,Cincinnati Reds,Pitcher,2025,3,0.0,1,6,1,1,0,0,2,2,0,2,0,.182,11,.308,.273,.581,0,0,.---,0,47,0.00,3.0,1.0,0.0,0.0,0.0,0.0,0.0,0.0,1.33,13.0,9.0,3.0,0.0,0.0,27.0,.570,0.0,0.0,1.0,0.0,3,0.17,1.000,15.67,2.0,1.00,6.00,6.00,6.00,3.00,0.00,0.0,0.0,0,0,0,,,,,
682829,Elly De La Cruz,Cincinnati Reds,Shortstop,2025,84,,87,55,66,15,2,18,91,36,5,90,2,.280,322,.355,.506,.861,6,22,.786,4,1371,,,,,,,,,,,,,,,,,,,,,,163,1.58,,,,,,,,,,,,0,0,1,361.0,57.0,138.0,.336,17.89
641941,Emilio Pagán,Cincinnati Reds,Pitcher,2025,35,0.0,20,43,14,5,0,6,43,12,0,18,1,.145,124,.226,.331,.557,0,2,1.000,0,527,3.09,35.0,1.0,2.0,18.0,21.0,2.0,3.0,12.0,0.86,137.0,105.0,35.0,0.0,0.0,342.0,.650,1.0,1.0,0.0,0.0,41,0.47,.333,15.06,28.0,3.58,11.06,3.09,4.63,3.60,1.54,4.0,0.0,0,0,0,,,,,
666158,Gavin Lux,Cincinnati Reds,Outfielder,2025,75,,56,56,26,15,1,4,65,33,0,66,0,.272,243,.359,.391,.750,0,1,1.000,2,1137,,,,,,,,,,,,,,,,,,,,,,95,1.00,,,,,,,,,,,,0,0,0,276.0,37.0,103.0,.356,60.75
664139,Ian Gibaut,Cincinnati Reds,Pitcher,2025,25,0.0,22,38,13,6,0,3,15,8,0,26,0,.260,100,.312,.410,.722,1,2,.667,0,388,4.62,25.1,0.0,1.0,0.0,1.0,3.0,1.0,13.0,1.34,109.0,76.0,25.0,0.0,0.0,250.0,.640,0.0,0.0,0.0,0.0,41,0.58,.000,15.32,5.0,1.88,5.33,2.84,9.24,4.62,1.07,4.0,0.0,0,0,1,,,,,
624431,Jose Trevino,Cincinnati Reds,Catcher,2025,52,,51,43,22,17,0,4,19,10,0,45,0,.290,155,.329,.477,.806,0,0,.---,5,578,,,,,,,,,,,,,,,,,,,,,,74,1.19,,,,,,,,,,,,0,1,2,168.0,14.0,63.0,.306,38.75
680689,Lyon Richardson,Cincinnati Reds,Pitcher,2025,22,0.0,34,21,12,5,0,2,21,11,4,21,2,.219,96,.309,.333,.642,1,0,.000,2,429,3.20,25.1,0.0,2.0,0.0,1.0,2.0,1.0,9.0,1.26,110.0,76.0,22.0,0.0,0.0,265.0,.620,2.0,0.0,0.0,0.0,32,1.62,.000,16.93,7.0,1.91,7.46,3.91,7.46,4.26,0.71,6.0,1.0,0,0,1,,,,,
680574,Matt McLain,Cincinnati Reds,Second Base,2025,74,,50,76,39,7,0,9,84,30,0,54,5,.206,262,.299,.336,.635,0,11,1.000,5,1220,,,,,,,,,,,,,,,,,,,,,,88,0.66,,,,,,,,,,,,0,1,1,299.0,28.0,121.0,.265,29.11
666157,Nick Lodolo,Cincinnati Reds,Pitcher,2025,17,17.0,95,98,39,18,1,13,85,20,0,89,11,.246,362,.304,.409,.713,3,10,.769,6,1536,3.52,94.2,5.0,5.0,0.0,0.0,0.0,0.0,37.0,1.15,398.0,284.0,17.0,1.0,0.0,1000.0,.650,11.0,1.0,2.0,1.0,148,0.97,.500,16.23,0.0,4.25,8.08,1.90,8.46,3.71,1.24,0.0,0.0,0,3,2,,,,,
682657,Angel Martínez,Cleveland Guardians,Outfielder,2025,66,,55,71,25,10,1,5,49,7,0,52,1,.234,222,.259,.356,.615,1,5,.833,5,846,,,,,,,,,,,,,,,,,,,,,,79,0.77,,,,,,,,,,,,0,3,2,235.0,25.0,96.0,.276,44.40
595978,Austin Hedges,Cleveland Guardians,Catcher,2025,31,,12,25,6,0,0,3,28,11,0,8,0,.113,71,.229,.239,.468,0,1,1.000,1,332,,,,,,,,,,,,,,,,,,,,,,17,0.48,,,,,,,,,,,,0,1,1,84.0,4.0,37.0,.122,23.67
666310,Bo Naylor,Cleveland Guardians,Catcher,2025,62,,31,65,25,6,1,9,60,27,0,31,0,.168,184,.272,.359,.631,1,1,.500,3,883,,,,,,,,,,,,,,,,,,,,,,66,0.48,,,,,,,,,,,,0,1,2,214.0,20.0,74.0,.188,20.44
671922,Cade Smith,Cleveland Guardians,Pitcher,2025,36,0.0,20,30,11,10,0,0,53,13,1,27,2,.211,128,.290,.289,.579,0,1,1.000,1,588,2.36,34.1,2.0,2.0,3.0,4.0,15.0,1.0,9.0,1.17,145.0,103.0,36.0,0.0,0.0,380.0,.650,2.0,1.0,1.0,0.0,37,0.67,.500,17.13,5.0,4.08,13.89,3.41,7.08,2.88,0.00,14.0,4.0,0,0,2,,,,,
467793,Carlos Santana,Cleveland Guardians,First Base,2025,76,,64,84,37,6,0,9,60,37,1,62,3,.232,267,.329,.356,.685,0,4,1.000,6,1307,,,,,,,,,,,,,,,,,,,,,,95,0.76,,,,,,,,,,,,0,0,3,310.0,37.0,117.0,.264,29.67
682177,Daniel Schneemann,Cleveland Guardians,Second Base,2025,65,,52,41,23,8,0,8,50,22,1,41,0,.224,183,.307,.399,.706,1,5,.833,4,793,,,,,,,,,,,,,,,,,,,,,,73,1.27,,,,,,,,,,,,0,1,0,206.0,22.0,68.0,.264,22.88
681807,David Fry,Cleveland Guardians,First Base,2025,19,,5,11,3,1,0,1,21,3,0,6,1,.140,43,.213,.233,.446,0,1,1.000,1,186,,,,,,,,,,,,,,,,,,,,,,10,0.45,,,,,,,,,,,,0,0,0,47.0,3.0,24.0,.238,43.00
661403,Emmanuel Clase,Cleveland Guardians,Pitcher,2025,37,0.0,32,35,15,7,1,1,38,10,2,41,3,.289,142,.342,.373,.715,1,6,.857,1,585,3.28,35.2,4.0,1.0,18.0,21.0,1.0,3.0,13.0,1.43,159.0,107.0,37.0,0.0,0.0,406.0,.690,3.0,0.0,3.0,0.0,53,0.91,.800,16.40,31.0,3.80,9.59,2.52,10.35,3.79,0.25,1.0,0.0,0,1,3,,,,,
681870,Erik Sabrowski,Cleveland Guardians,Pitcher,2025,1,0.0,1,0,0,0,0,0,2,0,0,0,0,.000,3,.000,.000,.000,0,0,.---,0,10,0.00,1.0,0.0,0.0,0.0,0.0,0.0,0.0,0.0,0.00,3.0,3.0,1.0,0.0,0.0,10.0,1.000,0.0,0.0,0.0,0.0,0,1.00,.---,10.00,1.0,-.--,18.00,0.00,0.00,0.00,0.00,0.0,0.0,0,0,0,,,,,
672356,Gabriel Arias,Cleveland Guardians,Shortstop,2025,77,,65,46,28,17,0,6,88,18,0,59,5,.231,255,.293,.369,.662,3,3,.500,5,1023,,,,,,,,,,,,,,,,,,,,,,94,1.41,,,,,,,,,,,,0,1,2,281.0,31.0,94.0,.325,42.50
668909,Gavin Williams,Cleveland Guardians,Pitcher,2025,16,16.0,82,71,38,11,0,11,80,45,0,70,2,.232,302,.334,.377,.711,6,2,.250,5,1483,3.68,80.2,5.0,3.0,0.0,0.0,0.0,0.0,33.0,1.43,350.0,242.0,16.0,0.0,0.0,901.0,.610,2.0,1.0,5.0,1.0,114,1.15,.625,18.38,0.0,1.78,8.93,5.02,7.81,4.24,1.23,0.0,0.0,0,0,1,,,,,
683769,Hunter Gaddis,Cleveland Guardians,Pitcher,2025,35,0.0,23,30,15,5,1,5,39,14,2,35,1,.282,124,.357,.460,.817,0,3,1.000,1,555,3.94,32.0,0.0,1.0,0.0,1.0,17.0,1.0,14.0,1.53,142.0,96.0,35.0,0.0,0.0,364.0,.660,1.0,0.0,2.0,1.0,57,0.77,.000,17.34,3.0,2.79,10.97,3.94,9.84,4.22,1.41,17.0,10.0,0,2,1,,,,,
596001,Jakob Junis,Cleveland Guardians,Pitcher,2025,32,0.0,33,40,17,3,1,3,27,12,2,41,3,.295,139,.361,.396,.757,1,4,.800,3,582,4.08,35.1,1.0,1.0,0.0,0.0,3.0,0.0,16.0,1.50,156.0,106.0,32.0,0.0,0.0,376.0,.650,3.0,0.0,0.0,0.0,55,0.83,.500,16.47,4.0,2.25,6.88,3.06,10.44,4.33,0.76,8.0,2.0,0,1,1,,,,,
671286,Johnathan Rodríguez,Cleveland Guardians,Outfielder,2025,14,,11,5,4,2,1,0,12,3,0,6,0,.176,34,.243,.294,.537,0,0,.---,1,153,,,,,,,,,,,,,,,,,,,,,,10,2.20,,,,,,,,,,,,0,0,0,37.0,1.0,17.0,.273,-.--
608070,José Ramírez,Cleveland Guardians,Third Base,2025,79,,57,116,43,16,1,13,37,28,7,92,4,.309,298,.371,.500,.871,5,21,.808,2,1318,,,,,,,,,,,,,,,,,,,,,,149,0.49,,,,,,,,,,,,0,0,4,334.0,38.0,98.0,.313,22.92
683409,Angel Chivilli,Colorado Rockies,Pitcher,2025,23,0.0,52,21,24,7,0,6,24,14,1,38,1,.281,135,.353,.467,.820,2,2,.500,3,560,5.67,33.1,1.0,3.0,0.0,0.0,1.0,0.0,21.0,1.56,150.0,100.0,23.0,0.0,0.0,344.0,.610,1.0,0.0,4.0,0.0,63,2.48,.250,16.80,1.0,1.71,6.48,3.78,10.26,6.48,1.62,21.0,6.0,0,0,0,,,,,
622608,Antonio Senzatela,Colorado Rockies,Pitcher,2025,17,16.0,106,85,67,22,2,13,42,31,0,125,2,.355,352,.405,.540,.945,0,3,1.000,9,1469,6.69,80.2,3.0,11.0,0.0,0.0,0.0,0.0,60.0,1.93,391.0,242.0,17.0,0.0,0.0,896.0,.610,2.0,0.0,8.0,0.0,190,1.25,.214,18.21,0.0,1.35,4.69,3.46,13.95,7.48,1.45,0.0,0.0,0,1,5,,,,,
596295,Austin Gomber,Colorado Rockies,Pitcher,2025,3,3.0,10,27,10,4,1,3,5,3,0,18,0,.305,59,.339,.559,.898,0,1,1.000,2,234,6.14,14.2,0.0,1.0,0.0,0.0,0.0,0.0,10.0,1.43,63.0,44.0,3.0,0.0,0.0,163.0,.700,0.0,0.0,1.0,0.0,33,0.37,.000,15.95,0.0,1.67,3.07,1.84,11.05,6.14,1.84,0.0,0.0,0,1,0,,,,,
690924,Braxton Fulford,Colorado Rockies,Catcher,2025,14,,4,9,4,2,1,1,18,1,0,10,0,.250,40,.262,.425,.687,0,1,1.000,0,174,,,,,,,,,,,,,,,,,,,,,,17,0.44,,,,,,,,,,,,0,0,1,42.0,11.0,14.0,.409,40.00
686668,Brenton Doyle,Colorado Rockies,Outfielder,2025,71,,68,81,29,11,2,6,74,20,0,53,0,.193,274,.247,.314,.561,0,8,1.000,8,1090,,,,,,,,,,,,,,,,,,,,,,86,0.84,,,,,,,,,,,,0,0,2,296.0,27.0,106.0,.240,45.67
801403,Chase Dollander,Colorado Rockies,Pitcher,2025,13,13.0,67,67,46,7,0,14,49,27,0,62,2,.256,242,.333,.459,.792,1,9,.900,3,1075,6.06,62.1,2.0,8.0,0.0,0.0,0.0,0.0,42.0,1.43,274.0,187.0,13.0,0.0,0.0,655.0,.610,2.0,0.0,1.0,0.0,111,1.00,.200,17.25,0.0,1.81,7.07,3.90,8.95,6.64,2.02,0.0,0.0,0,1,2,,,,,
608566,Germán Márquez,Colorado Rockies,Pitcher,2025,17,17.0,80,104,64,27,2,10,61,27,0,106,5,.305,348,.361,.480,.841,3,17,.850,5,1355,5.62,83.1,3.0,9.0,0.0,0.0,0.0,0.0,52.0,1.60,384.0,250.0,17.0,0.0,0.0,859.0,.630,5.0,0.0,4.0,1.0,167,0.77,.250,16.26,0.0,2.26,6.59,2.92,11.45,6.91,1.08,0.0,0.0,1,1,2,,,,,
696100,Hunter Goodman,Colorado Rockies,Catcher,2025,76,,48,77,40,17,3,14,82,17,0,83,3,.287,289,.332,.512,.844,2,1,.333,10,1150,,,,,,,,,,,,,,,,,,,,,,148,0.62,,,,,,,,,,,,0,0,1,310.0,48.0,107.0,.356,20.64
656234,Jake Bird,Colorado Rockies,Pitcher,2025,36,0.0,45,33,15,10,0,2,57,19,2,40,2,.233,172,.311,.326,.637,3,1,.250,3,766,2.68,47.0,2.0,1.0,0.0,3.0,10.0,3.0,14.0,1.26,196.0,141.0,36.0,0.0,0.0,521.0,.680,2.0,0.0,4.0,0.0,56,1.36,.667,16.30,4.0,3.00,10.91,3.64,7.66,2.87,0.38,31.0,11.0,0,0,3,,,,,
623474,Jimmy Herget,Colorado Rockies,Pitcher,2025,28,0.0,38,52,15,8,0,4,30,14,0,41,3,.261,157,.328,.389,.717,2,2,.500,3,639,3.02,41.2,0.0,1.0,0.0,1.0,1.0,1.0,14.0,1.32,178.0,125.0,28.0,0.0,0.0,412.0,.640,3.0,2.0,1.0,0.0,61,0.73,.000,15.34,3.0,2.14,6.48,3.02,8.86,3.24,0.86,22.0,11.0,0,1,3,,,,,
687597,Jordan Beck,Colorado Rockies,Outfielder,2025,73,,51,67,39,16,4,10,82,21,0,70,3,.260,269,.320,.461,.781,4,9,.692,4,1185,,,,,,,,,,,,,,,,,,,,,,124,0.76,,,,,,,,,,,,0,0,1,294.0,28.0,84.0,.337,26.90
675848,Juan Mejia,Colorado Rockies,Pitcher,2025,22,0.0,24,27,17,6,1,4,28,10,0,23,0,.230,100,.297,.430,.727,0,1,1.000,3,448,3.95,27.1,0.0,0.0,0.0,0.0,3.0,0.0,12.0,1.21,112.0,82.0,22.0,0.0,0.0,296.0,.660,0.0,0.0,0.0,0.0,43,0.89,.---,16.39,9.0,2.80,9.22,3.29,7.57,5.60,1.32,8.0,0.0,0,1,1,,,,,
571657,Kyle Farmer,Colorado Rockies,Second Base,2025,60,,51,51,9,14,0,3,42,9,0,43,1,.231,186,.269,.355,.624,1,0,.000,6,704,,,,,,,,,,,,,,,,,,,,,,66,1.00,,,,,,,,,,,,0,0,1,197.0,18.0,77.0,.282,62.00
607536,Kyle Freeland,Colorado Rockies,Pitcher,2025,15,15.0,86,78,60,18,3,9,59,18,1,106,2,.327,324,.362,.485,.847,2,5,.714,11,1222,5.56,77.2,1.0,9.0,0.0,0.0,0.0,0.0,48.0,1.60,349.0,233.0,15.0,0.0,0.0,833.0,.680,2.0,0.0,1.0,2.0,157,1.10,.100,15.73,0.0,3.28,6.84,2.09,12.28,6.95,1.04,0.0,0.0,0,1,4,,,,,
669911,Michael Toglia,Colorado Rockies,First Base,2025,67,,44,47,17,12,1,9,102,20,2,48,1,.201,239,.263,.372,.635,0,3,1.000,6,1036,,,,,,,,,,,,,,,,,,,,,,89,0.94,,,,,,,,,,,,0,0,2,262.0,28.0,97.0,.300,26.56
676428,Brant Hurter,Detroit Tigers,Pitcher,2025,25,4.0,41,33,19,5,0,3,39,16,3,35,7,.241,145,.343,.338,.681,2,3,.600,6,630,2.75,39.1,2.0,3.0,2.0,2.0,2.0,0.0,12.0,1.30,171.0,118.0,25.0,0.0,0.0,416.0,.660,7.0,0.0,1.0,2.0,49,1.24,.400,16.02,4.0,2.44,8.92,3.66,8.01,4.35,0.69,14.0,2.0,0,2,1,,,,,
669724,Brenan Hanifee,Detroit Tigers,Pitcher,2025,35,0.0,55,35,24,11,2,2,27,10,1,46,1,.284,162,.328,.414,.742,1,3,.750,5,647,3.60,40.0,3.0,2.0,0.0,0.0,9.0,0.0,16.0,1.40,174.0,120.0,35.0,0.0,0.0,402.0,.620,1.0,0.0,0.0,0.0,67,1.57,.600,16.18,6.0,2.70,6.08,2.25,10.35,5.40,0.45,21.0,7.0,0,0,1,,,,,
672578,Carlos Hernández,Detroit Tigers,Pitcher,2025,29,0.0,19,42,19,6,0,4,30,16,1,36,2,.290,124,.378,.435,.813,0,8,1.000,1,522,5.28,30.2,1.0,0.0,0.0,0.0,1.0,0.0,18.0,1.70,145.0,92.0,29.0,0.0,0.0,345.0,.660,2.0,0.0,2.0,0.0,54,0.45,1.000,17.02,12.0,1.88,8.80,4.70,10.57,5.58,1.17,16.0,6.0,0,2,1,,,,,
663554,Casey Mize,Detroit Tigers,Pitcher,2025,14,14.0,67,96,27,9,1,11,69,19,0,76,0,.249,305,.291,.393,.684,2,7,.778,3,1205,2.86,78.2,8.0,2.0,0.0,0.0,0.0,0.0,25.0,1.21,327.0,236.0,14.0,0.0,0.0,798.0,.660,0.0,0.0,1.0,0.0,120,0.70,.800,15.32,0.0,3.63,7.89,2.17,8.69,3.09,1.26,0.0,0.0,0,1,2,,,,,
695445,Chase Lee,Detroit Tigers,Pitcher,2025,23,0.0,25,25,7,2,2,2,24,7,0,19,2,.211,90,.275,.344,.619,0,2,1.000,4,417,2.33,27.0,3.0,0.0,0.0,0.0,4.0,0.0,7.0,0.96,102.0,81.0,23.0,0.0,0.0,265.0,.640,2.0,0.0,0.0,0.0,31,1.00,1.000,15.44,6.0,3.43,8.00,2.33,6.33,2.33,0.67,11.0,4.0,0,0,3,,,,,
690993,Colt Keith,Detroit Tigers,Second Base,2025,74,,52,65,35,12,2,6,51,28,0,54,1,.247,219,.331,.402,.733,0,0,.---,4,982,,,,,,,,,,,,,,,,,,,,,,88,0.80,,,,,,,,,,,,0,0,3,251.0,25.0,96.0,.291,36.50
608650,Dietrich Enns,Detroit Tigers,Pitcher,2025,1,1.0,6,4,0,0,0,0,4,2,0,1,0,.067,15,.176,.067,.243,0,1,1.000,1,77,0.00,5.0,1.0,0.0,0.0,0.0,0.0,0.0,0.0,0.60,17.0,15.0,1.0,0.0,0.0,55.0,.710,0.0,0.0,0.0,0.0,1,1.50,1.000,15.40,0.0,2.00,7.20,3.60,1.80,0.00,0.00,0.0,0.0,0,0,0,,,,,
693307,Dillon Dingler,Detroit Tigers,Catcher,2025,64,,44,62,24,9,1,8,58,6,0,61,4,.272,224,.302,.429,.731,0,0,.---,2,856,,,,,,,,,,,,,,,,,,,,,,96,0.71,,,,,,,,,,,,0,0,1,235.0,34.0,97.0,.333,28.00
681916,Dylan Smith,Detroit Tigers,Pitcher,2025,6,0.0,12,8,2,1,0,0,4,3,0,4,3,.143,28,.294,.179,.473,1,0,.000,4,122,1.86,9.2,0.0,0.0,0.0,0.0,0.0,0.0,2.0,0.72,34.0,29.0,6.0,0.0,0.0,77.0,.630,3.0,0.0,0.0,0.0,5,1.50,.---,12.62,4.0,1.33,3.72,2.79,3.72,1.86,0.00,2.0,0.0,0,0,0,,,,,
650402,Gleyber Torres,Detroit Tigers,Second Base,2025,72,,62,89,42,13,0,9,40,42,0,74,4,.284,261,.386,.437,.823,1,4,.800,7,1271,,,,,,,,,,,,,,,,,,,,,,114,0.70,,,,,,,,,,,,0,0,4,311.0,43.0,82.0,.301,29.00
656427,Jack Flaherty,Detroit Tigers,Pitcher,2025,16,16.0,60,86,46,13,1,16,100,35,0,69,3,.220,314,.303,.420,.723,1,4,.800,6,1463,4.80,84.1,5.0,9.0,0.0,0.0,0.0,0.0,45.0,1.23,353.0,253.0,16.0,0.0,0.0,924.0,.630,3.0,0.0,1.0,0.0,132,0.70,.357,17.35,0.0,2.86,10.67,3.74,7.36,4.91,1.71,0.0,0.0,0,0,1,,,,,
663330,Jahmai Jones,Detroit Tigers,Outfielder,2025,18,,3,10,4,5,0,2,7,4,0,11,0,.355,31,.429,.710,1.139,0,0,.---,1,146,,,,,,,,,,,,,,,,,,,,,,22,0.30,,,,,,,,,,,,0,0,0,35.0,5.0,6.0,.409,15.50
668670,Jake Rogers,Detroit Tigers,Catcher,2025,20,,16,17,6,2,1,0,12,9,0,9,0,.173,52,.290,.250,.540,0,0,.---,0,255,,,,,,,,,,,,,,,,,,,,,,13,0.94,,,,,,,,,,,,0,1,1,63.0,5.0,19.0,.220,-.--
595879,Javier Báez,Detroit Tigers,Outfielder,2025,71,,61,55,38,13,1,9,56,9,0,68,5,.285,239,.323,.460,.783,1,1,.500,3,911,,,,,,,,,,,,,,,,,,,,,,110,1.11,,,,,,,,,,,,0,0,1,254.0,36.0,97.0,.337,26.56
681481,Kerry Carpenter,Detroit Tigers,Outfielder,2025,78,,50,88,40,11,2,16,60,7,0,68,4,.257,265,.285,.494,.779,1,1,.500,2,1050,,,,,,,,,,,,,,,,,,,,,,131,0.57,,,,,,,,,,,,3,0,1,280.0,32.0,113.0,.274,16.56
656986,Bennett Sousa,Houston Astros,Pitcher,2025,24,0.0,20,31,6,7,0,1,38,7,0,18,0,.171,105,.219,.267,.486,0,8,1.000,1,420,1.78,30.1,1.0,0.0,2.0,2.0,2.0,0.0,6.0,0.82,114.0,91.0,24.0,0.0,0.0,287.0,.680,0.0,0.0,3.0,0.0,28,0.65,1.000,13.85,9.0,5.43,11.27,2.08,5.34,1.78,0.30,8.0,3.0,0,0,2,,,,,
687888,Brandon Walter,Houston Astros,Pitcher,2025,5,5.0,35,24,11,6,1,5,30,2,0,29,2,.246,118,.270,.441,.711,0,2,1.000,1,451,3.34,29.2,1.0,1.0,0.0,0.0,0.0,0.0,11.0,1.04,122.0,89.0,5.0,0.0,0.0,310.0,.690,2.0,0.0,0.0,0.0,52,1.46,.500,15.20,0.0,15.00,9.10,0.61,8.80,3.34,1.52,0.0,0.0,0,0,0,,,,,
650556,Bryan Abreu,Houston Astros,Pitcher,2025,38,0.0,23,35,7,5,0,2,57,19,0,24,1,.173,139,.277,.252,.529,1,8,.889,0,639,1.63,38.2,3.0,3.0,0.0,3.0,20.0,3.0,7.0,1.11,159.0,116.0,38.0,0.0,0.0,389.0,.610,1.0,0.0,2.0,1.0,35,0.66,.500,16.53,6.0,3.00,13.27,4.42,5.59,1.63,0.47,14.0,3.0,0,0,0,,,,,
687911,Bryan King,Houston Astros,Pitcher,2025,36,0.0,21,42,12,4,0,3,38,8,0,30,3,.233,129,.289,.333,.622,0,0,.---,1,564,3.18,34.0,3.0,1.0,0.0,2.0,16.0,2.0,12.0,1.12,142.0,102.0,36.0,0.0,0.0,388.0,.690,3.0,0.0,1.0,0.0,43,0.50,.750,16.59,3.0,4.75,10.06,2.12,7.94,3.18,0.79,13.0,0.0,0,0,2,,,,,
701358,Cam Smith,Houston Astros,Outfielder,2025,70,,55,47,32,13,1,7,71,23,0,66,4,.276,239,.350,.427,.777,1,4,.800,5,1076,,,,,,,,,,,,,,,,,,,,,,102,1.17,,,,,,,,,,,,0,0,0,266.0,33.0,99.0,.366,34.14
663967,César Salazar,Houston Astros,Catcher,2025,7,,1,3,0,0,0,0,1,0,0,1,0,.167,6,.167,.167,.334,0,0,.---,0,15,,,,,,,,,,,,,,,,,,,,,,1,0.33,,,,,,,,,,,,0,0,0,6.0,0.0,4.0,.200,-.--
572233,Christian Walker,Houston Astros,First Base,2025,81,,62,87,32,12,1,10,93,23,0,65,5,.213,305,.278,.357,.635,0,0,.---,8,1338,,,,,,,,,,,,,,,,,,,,,,109,0.71,,,,,,,,,,,,0,0,2,335.0,37.0,149.0,.270,30.50
676467,Colton Gordon,Houston Astros,Pitcher,2025,8,8.0,30,51,19,8,1,8,38,5,2,48,1,.287,167,.312,.491,.803,0,0,.---,2,675,3.98,40.2,3.0,1.0,0.0,0.0,0.0,0.0,18.0,1.30,173.0,122.0,8.0,0.0,0.0,462.0,.680,1.0,1.0,1.0,0.0,82,0.59,.750,16.60,0.0,7.60,8.41,1.11,10.62,4.20,1.77,0.0,0.0,0,0,0,,,,,
669450,Cooper Hummel,Houston Astros,Outfielder,2025,14,,6,4,3,0,0,2,12,5,0,6,1,.222,27,.364,.444,.808,0,0,.---,0,155,,,,,,,,,,,,,,,,,,,,,,12,1.50,,,,,,,,,,,,0,1,0,34.0,3.0,14.0,.308,13.50
664285,Framber Valdez,Houston Astros,Pitcher,2025,17,17.0,136,68,33,19,3,6,108,39,0,84,4,.214,393,.290,.323,.613,2,13,.867,13,1578,2.72,109.0,9.0,4.0,0.0,0.0,0.0,0.0,33.0,1.13,439.0,327.0,17.0,2.0,0.0,1018.0,.650,4.0,0.0,5.0,0.0,127,2.00,.692,14.48,0.0,2.77,8.92,3.22,6.94,2.72,0.50,0.0,0.0,0,1,2,,,,,
686613,Hunter Brown,Houston Astros,Pitcher,2025,16,16.0,89,71,20,7,1,8,118,28,0,59,3,.175,337,.245,.273,.518,5,11,.688,12,1522,1.74,98.0,8.0,3.0,0.0,0.0,0.0,0.0,19.0,0.89,368.0,294.0,16.0,1.0,0.0,946.0,.620,3.0,0.0,0.0,1.0,92,1.25,.727,15.53,0.0,4.21,10.84,2.57,5.42,1.84,0.73,0.0,0.0,0,0,0,,,,,
670623,Isaac Paredes,Houston Astros,Third Base,2025,80,,60,103,43,10,1,17,59,42,0,75,7,.254,295,.358,.468,.826,1,0,.000,8,1536,,,,,,,,,,,,,,,,,,,,,,138,0.58,,,,,,,,,,,,0,0,2,346.0,46.0,119.0,.262,17.35
676694,Jake Meyers,Houston Astros,Outfielder,2025,82,,70,67,39,13,1,3,53,24,0,82,1,.306,268,.363,.396,.759,5,14,.737,8,1068,,,,,,,,,,,,,,,,,,,,,,106,1.04,,,,,,,,,,,,0,2,2,297.0,20.0,106.0,.369,89.33
665161,Jeremy Peña,Houston Astros,Shortstop,2025,82,,92,71,48,18,1,11,55,20,1,102,10,.322,317,.378,.489,.867,2,15,.882,6,1181,,,,,,,,,,,,,,,,,,,,,,155,1.30,,,,,,,,,,,,0,1,2,350.0,40.0,94.0,.360,28.82
607179,Jordan Weems,Houston Astros,Pitcher,2025,1,0.0,1,2,0,0,0,0,0,0,0,0,0,.000,3,.000,.000,.000,0,0,.---,0,11,0.00,1.0,0.0,0.0,0.0,0.0,0.0,0.0,0.0,0.00,3.0,3.0,1.0,0.0,0.0,7.0,.640,0.0,0.0,0.0,0.0,0,0.50,.---,11.00,1.0,-.--,0.00,0.00,0.00,0.00,0.00,0.0,0.0,0,0,0,,,,,
672582,Angel Zerpa,Kansas City Royals,Pitcher,2025,36,0.0,56,13,15,10,0,4,32,10,0,38,2,.273,139,.331,.432,.763,0,0,.---,6,613,3.79,35.2,3.0,0.0,0.0,2.0,7.0,2.0,15.0,1.35,151.0,107.0,36.0,0.0,0.0,396.0,.650,2.0,0.0,0.0,0.0,60,4.31,1.000,17.19,3.0,3.20,8.07,2.52,9.59,3.79,1.01,21.0,8.0,0,0,0,,,,,
677951,Bobby Witt Jr.,Kansas City Royals,Shortstop,2025,84,,60,114,46,29,3,11,67,26,6,94,3,.285,330,.338,.491,.829,6,21,.778,1,1324,,,,,,,,,,,,,,,,,,,,,,162,0.53,,,,,,,,,,,,0,0,5,364.0,43.0,120.0,.323,30.00
608032,Carlos Estévez,Kansas City Royals,Pitcher,2025,34,0.0,20,53,10,4,0,2,30,14,4,23,2,.184,125,.277,.264,.541,1,0,.000,0,532,2.08,34.2,2.0,2.0,22.0,25.0,0.0,3.0,8.0,1.07,142.0,104.0,34.0,0.0,0.0,341.0,.640,2.0,1.0,1.0,0.0,33,0.38,.500,15.35,28.0,2.14,7.79,3.63,5.97,2.60,0.52,6.0,3.0,0,1,0,,,,,
663738,Daniel Lynch IV,Kansas City Royals,Pitcher,2025,36,2.0,38,40,12,4,0,4,27,18,1,34,3,.250,136,.348,.368,.716,2,0,.000,4,603,2.63,37.2,3.0,2.0,1.0,1.0,4.0,0.0,11.0,1.38,160.0,113.0,36.0,0.0,0.0,381.0,.630,3.0,0.0,1.0,1.0,50,0.95,.600,16.01,6.0,1.50,6.45,4.30,8.12,2.87,0.96,10.0,1.0,0,2,1,,,,,
671221,Drew Waters,Kansas City Royals,Outfielder,2025,67,,49,43,21,6,3,1,57,11,0,50,2,.251,199,.297,.327,.624,3,5,.625,2,767,,,,,,,,,,,,,,,,,,,,,,65,1.14,,,,,,,,,,,,0,0,0,212.0,14.0,91.0,.348,199.00
666023,Freddy Fermin,Kansas City Royals,Catcher,2025,49,,39,40,12,4,0,2,25,10,1,37,1,.264,140,.318,.336,.654,2,0,.000,1,628,,,,,,,,,,,,,,,,,,,,,,47,0.98,,,,,,,,,,,,0,1,0,152.0,8.0,52.0,.310,70.00
695506,Jac Caglianone,Kansas City Royals,Outfielder,2025,23,,32,19,3,3,0,2,20,4,0,14,1,.165,85,.211,.271,.482,0,0,.---,2,317,,,,,,,,,,,,,,,,,,,,,,23,1.68,,,,,,,,,,,,0,0,0,90.0,4.0,34.0,.190,42.50
670231,John Rave,Kansas City Royals,Outfielder,2025,24,,12,9,3,3,0,0,16,5,0,7,0,.171,41,.255,.244,.499,1,3,.750,1,214,,,,,,,,,,,,,,,,,,,,,,10,1.33,,,,,,,,,,,,0,2,1,49.0,3.0,22.0,.269,-.--
670167,John Schreiber,Kansas City Royals,Pitcher,2025,37,0.0,31,27,14,5,0,5,34,11,1,30,0,.248,121,.311,.413,.724,0,0,.---,3,528,3.48,31.0,2.0,2.0,0.0,1.0,10.0,1.0,12.0,1.32,133.0,93.0,37.0,0.0,0.0,349.0,.660,0.0,0.0,0.0,0.0,50,1.15,.500,17.03,5.0,3.09,9.87,3.19,8.71,4.06,1.45,24.0,7.0,0,1,0,,,,,
663697,Jonathan India,Kansas City Royals,Second Base,2025,76,,70,105,33,16,0,4,48,30,0,72,3,.246,293,.320,.341,.661,3,0,.000,4,1375,,,,,,,,,,,,,,,,,,,,,,100,0.67,,,,,,,,,,,,0,0,2,328.0,23.0,78.0,.280,73.25
663460,Kris Bubic,Kansas City Royals,Pitcher,2025,16,16.0,87,89,28,18,3,5,101,29,1,79,3,.223,355,.286,.332,.618,2,2,.500,12,1482,2.25,96.0,6.0,6.0,0.0,0.0,0.0,0.0,24.0,1.13,388.0,288.0,16.0,0.0,0.0,992.0,.670,3.0,0.0,1.0,0.0,118,0.98,.500,15.44,0.0,3.48,9.47,2.72,7.41,2.63,0.47,0.0,0.0,0,0,1,,,,,
664728,Kyle Isbel,Kansas City Royals,Outfielder,2025,72,,59,59,21,8,3,3,38,6,0,48,0,.249,193,.267,.368,.635,1,2,.667,3,725,,,,,,,,,,,,,,,,,,,,,,71,1.00,,,,,,,,,,,,0,8,3,210.0,16.0,78.0,.290,64.33
668674,Lucas Erceg,Kansas City Royals,Pitcher,2025,30,0.0,33,26,8,2,0,2,23,7,0,23,3,.219,105,.287,.295,.582,0,0,.---,5,464,2.12,29.2,2.0,2.0,1.0,3.0,14.0,2.0,7.0,1.01,115.0,89.0,30.0,0.0,0.0,303.0,.650,3.0,0.0,1.0,1.0,31,1.27,.500,15.64,4.0,3.29,6.98,2.12,6.98,2.43,0.61,13.0,3.0,0,0,0,,,,,
672580,Maikel Garcia,Kansas City Royals,Third Base,2025,82,,80,85,36,22,3,8,47,28,0,95,1,.314,303,.371,.485,.856,9,18,.667,7,1252,,,,,,,,,,,,,,,,,,,,,,147,0.94,,,,,,,,,,,,0,2,2,336.0,38.0,118.0,.348,37.88
592192,Mark Canha,Kansas City Royals,Outfielder,2025,44,,19,43,8,3,0,0,21,7,0,23,3,.221,104,.284,.250,.534,1,0,.000,1,468,,,,,,,,,,,,,,,,,,,,,,26,0.44,,,,,,,,,,,,0,0,2,116.0,4.0,48.0,.271,-.--
681911,Alex Vesia,Los Angeles Dodgers,Pitcher,2025,40,0.0,14,37,11,5,0,7,46,10,1,24,3,.200,120,.276,.417,.693,3,3,.500,1,575,2.94,33.2,2.0,0.0,3.0,3.0,16.0,0.0,11.0,1.01,134.0,101.0,40.0,0.0,0.0,379.0,.660,3.0,0.0,3.0,2.0,50,0.38,1.000,17.08,6.0,4.60,12.30,2.67,6.42,2.94,1.87,21.0,7.0,0,0,1,,,,,
681624,Andy Pages,Los Angeles Dodgers,Outfielder,2025,81,,65,91,42,14,1,16,65,14,0,89,5,.291,306,.328,.500,.828,4,6,.600,4,1213,,,,,,,,,,,,,,,,,,,,,,153,0.71,,,,,,,,,,,,0,0,4,329.0,55.0,123.0,.319,19.12
607455,Anthony Banda,Los Angeles Dodgers,Pitcher,2025,38,0.0,31,41,16,5,0,5,29,20,4,27,2,.211,128,.327,.367,.694,2,7,.778,3,590,4.00,36.0,4.0,1.0,0.0,1.0,5.0,1.0,16.0,1.31,150.0,108.0,38.0,0.0,0.0,359.0,.610,2.0,0.0,2.0,1.0,47,0.76,.800,16.39,3.0,1.45,7.25,5.00,6.75,4.00,1.25,16.0,3.0,0,0,0,,,,,
676508,Ben Casparius,Los Angeles Dodgers,Pitcher,2025,25,2.0,47,68,25,12,0,4,54,12,0,52,0,.237,219,.276,.347,.623,2,3,.600,0,887,3.97,56.2,6.0,2.0,0.0,0.0,7.0,0.0,25.0,1.13,233.0,170.0,25.0,0.0,0.0,580.0,.650,0.0,0.0,0.0,0.0,76,0.69,.750,15.65,2.0,4.50,8.58,1.91,8.26,3.97,0.64,9.0,0.0,0,1,1,,,,,
477132,Clayton Kershaw,Los Angeles Dodgers,Pitcher,2025,8,8.0,43,38,15,10,0,5,29,13,0,33,0,.232,142,.295,.408,.703,0,0,.---,6,585,3.03,38.2,4.0,0.0,0.0,0.0,0.0,0.0,13.0,1.19,156.0,116.0,8.0,0.0,0.0,358.0,.610,0.0,0.0,2.0,0.0,58,1.13,1.000,15.13,0.0,2.23,6.75,3.03,7.68,3.49,1.16,0.0,0.0,0,0,1,,,,,
687221,Dalton Rushing,Los Angeles Dodgers,Catcher,2025,18,,4,9,9,2,0,1,28,7,0,11,0,.212,52,.305,.308,.613,0,0,.---,0,241,,,,,,,,,,,,,,,,,,,,,,16,0.44,,,,,,,,,,,,0,0,0,59.0,9.0,30.0,.435,52.00
669160,Dustin May,Los Angeles Dodgers,Pitcher,2025,15,15.0,90,75,47,14,4,12,75,35,3,78,7,.248,315,.335,.432,.767,3,14,.824,7,1318,4.68,82.2,4.0,5.0,0.0,0.0,0.0,0.0,43.0,1.37,360.0,248.0,15.0,0.0,0.0,819.0,.620,7.0,0.0,1.0,0.0,136,1.20,.444,15.94,0.0,2.14,8.17,3.81,8.49,5.12,1.31,0.0,0.0,0,2,1,,,,,
571771,Enrique Hernández,Los Angeles Dodgers,First Base,2025,69,,37,46,23,5,0,8,46,15,0,33,0,.206,160,.273,.388,.661,0,0,.---,6,705,,,,,,,,,,,,,,,,,,,,,,62,0.80,,,,,,,,,,,,0,1,1,177.0,22.0,78.0,.234,20.00
518692,Freddie Freeman,Los Angeles Dodgers,First Base,2025,72,,61,66,44,21,1,10,61,31,5,84,3,.312,269,.386,.509,.895,1,0,.000,7,1177,,,,,,,,,,,,,,,,,,,,,,137,0.92,,,,,,,,,,,,0,0,3,306.0,43.0,102.0,.368,26.90
808975,Hyeseong Kim,Los Angeles Dodgers,Second Base,2025,37,,20,12,16,5,1,2,18,5,0,31,1,.383,81,.425,.543,.968,0,7,1.000,0,351,,,,,,,,,,,,,,,,,,,,,,44,1.67,,,,,,,,,,,,0,0,0,87.0,12.0,24.0,.475,40.50
676263,Jack Dreyer,Los Angeles Dodgers,Pitcher,2025,32,5.0,33,49,16,7,2,1,41,15,1,32,0,.213,150,.278,.307,.585,1,4,.800,1,641,3.24,41.2,2.0,2.0,0.0,1.0,8.0,1.0,15.0,1.13,170.0,125.0,32.0,0.0,0.0,425.0,.660,0.0,0.0,1.0,1.0,46,0.67,.500,15.38,4.0,2.73,8.86,3.24,6.91,3.46,0.22,7.0,1.0,0,1,4,,,,,
680736,Justin Wrobleski,Los Angeles Dodgers,Pitcher,2025,7,2.0,42,28,17,6,0,4,34,9,0,31,0,.237,131,.280,.374,.654,0,3,1.000,3,545,4.08,35.1,4.0,2.0,0.0,0.0,0.0,0.0,16.0,1.13,144.0,106.0,7.0,0.0,0.0,368.0,.680,0.0,0.0,0.0,0.0,49,1.50,.667,15.42,3.0,3.78,8.66,2.29,7.90,4.33,1.02,2.0,0.0,0,1,3,,,,,
489446,Kirby Yates,Los Angeles Dodgers,Pitcher,2025,31,0.0,15,22,12,12,0,4,38,8,0,24,1,.242,99,.306,.485,.791,0,3,1.000,0,468,3.91,25.1,4.0,2.0,2.0,4.0,13.0,2.0,11.0,1.26,108.0,76.0,31.0,0.0,0.0,299.0,.640,1.0,0.0,1.0,1.0,48,0.68,.667,18.47,5.0,4.75,13.50,2.84,8.53,4.26,1.42,9.0,4.0,0,0,0,,,,,
642152,Lou Trivino,Los Angeles Dodgers,Pitcher,2025,29,2.0,29,36,16,4,0,5,26,11,1,32,5,.267,120,.348,.425,.773,0,2,1.000,3,570,4.22,32.0,3.0,0.0,0.0,1.0,5.0,1.0,15.0,1.34,139.0,96.0,29.0,0.0,0.0,353.0,.620,5.0,1.0,1.0,2.0,51,0.81,1.000,17.81,6.0,2.36,7.31,3.09,9.00,4.50,1.41,14.0,5.0,0,1,2,,,,,
571970,Max Muncy,Los Angeles Dodgers,Third Base,2025,79,,48,76,38,10,2,13,68,50,1,64,3,.255,251,.379,.466,.845,0,4,1.000,4,1328,,,,,,,,,,,,,,,,,,,,,,117,0.63,,,,,,,,,,,,0,0,5,309.0,55.0,108.0,.291,19.31
642851,Austin Wynns,Athletics,Catcher,2025,32,,20,15,9,5,0,5,22,4,0,22,0,.282,78,.317,.538,.855,0,0,.---,2,331,,,,,,,,,,,,,,,,,,,,,,42,1.33,,,,,,,,,,,,0,1,0,83.0,18.0,35.0,.333,15.60
667670,Brent Rooker,Athletics,Outfielder,2025,86,,79,89,53,17,2,17,77,37,0,91,2,.271,336,.347,.485,.832,1,2,.667,9,1367,,,,,,,,,,,,,,,,,,,,,,163,0.89,,,,,,,,,,,,0,0,0,375.0,44.0,140.0,.306,19.76
672016,Denzel Clarke,Athletics,Outfielder,2025,32,,20,16,10,2,0,2,42,3,0,20,2,.204,98,.243,.286,.529,0,4,1.000,1,417,,,,,,,,,,,,,,,,,,,,,,28,1.25,,,,,,,,,,,,0,0,0,103.0,6.0,47.0,.333,49.00
665660,Elvis Alvarado,Athletics,Pitcher,2025,5,0.0,4,7,5,3,0,1,10,4,0,10,2,.323,31,.432,.516,.948,0,0,.---,0,148,6.43,7.0,0.0,0.0,0.0,0.0,0.0,0.0,5.0,2.00,37.0,21.0,5.0,0.0,0.0,89.0,.600,2.0,0.0,1.0,0.0,16,0.57,.---,21.14,2.0,2.50,12.86,5.14,12.86,6.43,1.29,4.0,2.0,0,0,0,,,,,
570482,Gio Urshela,Athletics,Third Base,2025,37,,35,32,4,10,1,0,21,10,0,25,0,.225,111,.289,.333,.622,0,0,.---,6,446,,,,,,,,,,,,,,,,,,,,,,37,1.09,,,,,,,,,,,,0,2,0,123.0,14.0,58.0,.278,-.--
663687,Hogan Harris,Athletics,Pitcher,2025,25,0.0,18,43,18,7,0,3,39,22,3,34,1,.258,132,.363,.379,.742,0,6,1.000,1,626,4.05,33.1,1.0,1.0,0.0,0.0,1.0,0.0,15.0,1.68,157.0,100.0,25.0,0.0,0.0,392.0,.630,1.0,0.0,0.0,0.0,50,0.42,.500,18.78,10.0,1.77,10.53,5.94,9.18,4.86,0.81,18.0,6.0,0,0,2,,,,,
669372,J.T. Ginn,Athletics,Pitcher,2025,7,4.0,29,11,15,2,0,7,29,7,0,28,2,.289,97,.349,.526,.875,0,2,1.000,4,436,5.55,24.1,1.0,2.0,0.0,0.0,1.0,0.0,15.0,1.44,106.0,73.0,7.0,0.0,0.0,260.0,.600,2.0,0.0,0.0,0.0,51,2.64,.333,17.92,0.0,4.14,10.73,2.59,10.36,5.55,2.59,0.0,0.0,0,0,0,,,,,
668709,JJ Bleday,Athletics,Outfielder,2025,62,,39,70,30,10,0,8,57,28,1,39,0,.191,204,.288,.358,.646,2,1,.333,4,881,,,,,,,,,,,,,,,,,,,,,,73,0.56,,,,,,,,,,,,0,0,1,233.0,22.0,82.0,.221,25.50
676664,JP Sears,Athletics,Pitcher,2025,17,17.0,62,125,49,22,0,18,67,22,0,91,5,.265,343,.318,.487,.805,2,3,.600,5,1506,5.09,86.2,6.0,7.0,0.0,0.0,0.0,0.0,49.0,1.30,372.0,260.0,17.0,0.0,0.0,957.0,.640,5.0,0.0,1.0,0.0,167,0.50,.462,17.38,0.0,3.05,6.96,2.28,9.45,5.09,1.87,0.0,0.0,0,1,1,,,,,
678022,Jack Perkins,Athletics,Pitcher,2025,2,0.0,6,7,0,0,0,0,5,2,0,2,0,.100,20,.182,.100,.282,0,0,.---,1,78,0.00,6.1,0.0,0.0,1.0,1.0,0.0,0.0,0.0,0.63,22.0,19.0,2.0,0.0,0.0,48.0,.620,0.0,0.0,2.0,0.0,2,0.86,.---,12.32,2.0,2.50,7.11,2.84,2.84,0.00,0.00,1.0,0.0,0,0,0,,,,,
682052,Jacob Lopez,Athletics,Pitcher,2025,11,7.0,16,56,20,6,1,6,55,17,0,39,7,.236,165,.333,.394,.727,0,6,1.000,1,789,3.56,43.0,2.0,4.0,0.0,0.0,0.0,0.0,17.0,1.30,190.0,129.0,11.0,0.0,0.0,490.0,.620,7.0,1.0,0.0,0.0,65,0.29,.333,18.35,1.0,3.24,11.51,3.56,8.16,4.19,1.26,6.0,1.0,0,1,0,,,,,
805779,Jacob Wilson,Athletics,Shortstop,2025,80,,115,70,42,15,0,9,25,19,1,106,3,.338,314,.380,.471,.851,1,5,.833,15,1100,,,,,,,,,,,,,,,,,,,,,,148,1.64,,,,,,,,,,,,0,1,1,338.0,40.0,109.0,.345,34.89
605488,Jeffrey Springs,Athletics,Pitcher,2025,17,15.0,70,130,53,20,0,14,75,34,0,80,1,.229,349,.296,.407,.703,2,16,.889,2,1531,4.30,92.0,6.0,6.0,0.0,0.0,0.0,0.0,44.0,1.24,390.0,276.0,17.0,0.0,0.0,965.0,.630,1.0,2.0,0.0,1.0,142,0.54,.500,16.64,0.0,2.21,7.34,3.33,7.83,5.18,1.37,0.0,0.0,0,1,5,,,,,
671732,Lawrence Butler,Athletics,Outfielder,2025,81,,77,69,46,23,1,11,97,32,0,80,0,.248,323,.315,.427,.742,3,13,.813,2,1418,,,,,,,,,,,,,,,,,,,,,,138,1.12,,,,,,,,,,,,0,0,0,355.0,32.0,134.0,.321,29.36
622663,Luis Severino,Athletics,Pitcher,2025,18,18.0,104,135,64,26,1,11,71,34,1,110,8,.265,415,.330,.412,.742,1,3,.750,4,1758,5.18,104.1,2.0,9.0,0.0,0.0,0.0,0.0,60.0,1.38,462.0,313.0,18.0,0.0,0.0,1113.0,.630,8.0,0.0,3.0,2.0,171,0.77,.182,16.85,0.0,2.09,6.12,2.93,9.49,5.52,0.95,0.0,0.0,0,2,3,,,,,
662253,Andrés Muñoz,Seattle Mariners,Pitcher,2025,32,0.0,31,20,8,0,0,1,41,13,3,15,2,.144,104,.248,.173,.421,0,4,1.000,2,506,1.16,31.0,3.0,1.0,18.0,23.0,0.0,5.0,4.0,0.90,123.0,93.0,32.0,0.0,0.0,321.0,.630,2.0,0.0,4.0,0.0,18,1.55,.750,16.32,22.0,3.15,11.90,3.77,4.35,2.32,0.29,4.0,0.0,1,1,2,,,,,
810938,Ben Williamson,Seattle Mariners,Third Base,2025,61,,60,40,29,8,0,1,57,9,0,53,1,.254,209,.288,.306,.594,1,2,.667,4,901,,,,,,,,,,,,,,,,,,,,,,64,1.50,,,,,,,,,,,,0,1,0,220.0,13.0,88.0,.344,209.00
693433,Bryan Woo,Seattle Mariners,Pitcher,2025,16,16.0,90,113,35,12,0,14,96,17,0,81,3,.215,376,.254,.359,.613,1,1,.500,7,1435,2.93,101.1,7.0,4.0,0.0,0.0,0.0,0.0,33.0,0.97,400.0,304.0,16.0,0.0,0.0,969.0,.680,3.0,0.0,2.0,0.0,135,0.80,.636,14.16,0.0,5.65,8.53,1.51,7.19,3.11,1.24,0.0,0.0,0,2,2,,,,,
663728,Cal Raleigh,Seattle Mariners,Catcher,2025,82,,40,93,59,16,0,32,89,53,10,84,4,.275,305,.388,.643,1.031,2,9,.818,3,1440,,,,,,,,,,,,,,,,,,,,,,196,0.43,,,,,,,,,,,,0,0,1,363.0,69.0,141.0,.281,9.53
672841,Carlos Vargas,Seattle Mariners,Pitcher,2025,38,0.0,46,42,18,3,1,5,30,17,4,40,1,.256,156,.331,.385,.716,1,5,.833,4,592,3.07,41.0,2.0,5.0,1.0,5.0,10.0,4.0,14.0,1.39,176.0,123.0,38.0,0.0,0.0,378.0,.640,1.0,0.0,1.0,0.0,60,1.10,.286,14.44,5.0,1.76,6.59,3.73,8.78,3.95,1.10,7.0,3.0,0,1,1,,,,,
668984,Casey Legumina,Seattle Mariners,Pitcher,2025,31,1.0,27,32,15,4,0,3,35,15,2,24,1,.205,117,.301,.316,.617,0,1,1.000,6,525,3.31,32.2,4.0,3.0,0.0,0.0,2.0,0.0,12.0,1.19,134.0,98.0,31.0,0.0,0.0,350.0,.670,1.0,0.0,0.0,0.0,37,0.84,.571,16.07,11.0,2.33,9.64,4.13,6.61,4.13,0.83,4.0,1.0,0,1,0,,,,,
702284,Cole Young,Seattle Mariners,Second Base,2025,24,,16,28,7,4,0,0,20,4,1,19,1,.235,81,.276,.284,.560,0,0,.---,1,322,,,,,,,,,,,,,,,,,,,,,,23,0.57,,,,,,,,,,,,0,1,1,88.0,7.0,37.0,.306,-.--
686527,Dominic Canzone,Seattle Mariners,Outfielder,2025,19,,17,17,9,2,0,5,9,3,0,15,0,.259,58,.295,.552,.847,0,1,1.000,1,225,,,,,,,,,,,,,,,,,,,,,,32,1.00,,,,,,,,,,,,0,0,0,61.0,8.0,29.0,.227,11.60
456781,Donovan Solano,Seattle Mariners,First Base,2025,50,,33,31,6,3,0,3,29,6,0,32,1,.258,124,.295,.355,.650,0,0,.---,6,517,,,,,,,,,,,,,,,,,,,,,,44,1.06,,,,,,,,,,,,0,0,1,132.0,18.0,72.0,.312,41.33
664238,Dylan Moore,Seattle Mariners,Second Base,2025,63,,26,42,25,4,0,8,58,14,0,35,0,.220,159,.280,.396,.676,4,9,.692,1,713,,,,,,,,,,,,,,,,,,,,,,63,0.62,,,,,,,,,,,,0,0,2,175.0,16.0,74.0,.284,19.88
660825,Eduard Bazardo,Seattle Mariners,Pitcher,2025,37,0.0,32,56,14,1,1,5,37,18,1,29,1,.191,152,.277,.309,.586,0,2,1.000,5,692,2.91,43.1,3.0,0.0,0.0,1.0,1.0,1.0,14.0,1.08,173.0,130.0,37.0,0.0,0.0,439.0,.630,1.0,0.0,0.0,0.0,47,0.57,1.000,15.97,14.0,2.06,7.68,3.74,6.02,2.91,1.04,12.0,1.0,0,0,2,,,,,
676106,Emerson Hancock,Seattle Mariners,Pitcher,2025,14,14.0,79,70,42,11,0,15,52,27,0,74,4,.271,273,.344,.476,.820,5,4,.444,7,1144,5.30,71.1,3.0,4.0,0.0,0.0,0.0,0.0,42.0,1.42,306.0,214.0,14.0,0.0,0.0,729.0,.640,4.0,1.0,2.0,0.0,130,1.13,.429,16.04,0.0,1.93,6.56,3.41,9.34,5.30,1.89,0.0,0.0,0,1,1,,,,,
642100,Gabe Speier,Seattle Mariners,Pitcher,2025,36,0.0,22,27,10,8,0,3,42,7,0,25,2,.216,116,.272,.362,.634,0,5,1.000,0,470,2.93,30.2,2.0,0.0,0.0,3.0,8.0,3.0,10.0,1.04,125.0,92.0,36.0,0.0,0.0,330.0,.700,2.0,0.0,1.0,0.0,42,0.81,1.000,15.33,2.0,6.00,12.33,2.05,7.34,2.93,0.88,15.0,3.0,0,0,0,,,,,
669923,George Kirby,Seattle Mariners,Pitcher,2025,7,7.0,33,36,22,5,1,7,36,9,0,38,2,.270,141,.318,.468,.786,0,1,1.000,5,617,5.40,36.2,1.0,4.0,0.0,0.0,0.0,0.0,22.0,1.28,154.0,110.0,7.0,0.0,0.0,415.0,.670,2.0,0.0,1.0,0.0,66,0.92,.200,16.83,0.0,4.00,8.84,2.21,9.33,5.40,1.72,0.0,0.0,0,0,2,,,,,
641487,J.P. Crawford,Seattle Mariners,Shortstop,2025,80,,72,82,37,10,0,6,62,50,1,81,2,.277,292,.386,.373,.759,1,5,.833,3,1450,,,,,,,,,,,,,,,,,,,,,,109,0.88,,,,,,,,,,,,0,4,1,349.0,30.0,93.0,.333,48.67
668800,Andrew Knizner,San Francisco Giants,Catcher,2025,11,,13,9,4,0,0,1,5,1,0,3,0,.103,29,.133,.207,.340,0,0,.---,0,104,,,,,,,,,,,,,,,,,,,,,,6,1.44,,,,,,,,,,,,0,1,0,31.0,1.0,16.0,.087,29.00
689172,Brett Wisely,San Francisco Giants,Second Base,2025,10,,7,10,1,1,0,0,4,3,0,3,0,.136,22,.240,.182,.422,1,0,.000,0,94,,,,,,,,,,,,,,,,,,,,,,4,0.70,,,,,,,,,,,,0,2,0,27.0,4.0,14.0,.167,-.--
666808,Camilo Doval,San Francisco Giants,Pitcher,2025,38,0.0,39,31,15,3,0,1,35,17,1,25,1,.195,128,.293,.242,.535,1,6,.857,5,566,2.70,36.2,3.0,2.0,13.0,16.0,7.0,3.0,11.0,1.15,148.0,110.0,38.0,0.0,0.0,357.0,.630,1.0,1.0,2.0,0.0,31,1.26,.600,15.44,22.0,2.06,8.59,4.17,6.14,3.68,0.25,10.0,2.0,0,1,1,,,,,
693313,Carson Seymour,San Francisco Giants,Pitcher,2025,1,0.0,2,1,0,0,0,0,0,0,0,2,0,.400,5,.400,.400,.800,0,0,.---,0,17,0.00,1.0,0.0,0.0,0.0,0.0,0.0,0.0,0.0,2.00,5.0,3.0,1.0,0.0,0.0,12.0,.710,0.0,0.0,0.0,0.0,2,2.00,.---,17.00,1.0,-.--,0.00,0.00,18.00,0.00,0.00,0.0,0.0,0,0,0,,,,,
669477,Casey Schmitt,San Francisco Giants,Third Base,2025,34,,21,22,13,4,0,4,29,10,0,27,3,.276,98,.360,.439,.799,0,0,.---,3,408,,,,,,,,,,,,,,,,,,,,,,43,0.95,,,,,,,,,,,,0,1,0,112.0,15.0,54.0,.354,24.50
683766,Christian Koss,San Francisco Giants,Second Base,2025,40,,28,20,12,2,0,2,25,5,0,25,1,.266,94,.307,.351,.658,0,2,1.000,2,361,,,,,,,,,,,,,,,,,,,,,,33,1.40,,,,,,,,,,,,0,3,1,104.0,12.0,45.0,.338,47.00
669288,Daniel Johnson,San Francisco Giants,Outfielder,2025,12,,6,6,4,1,0,1,7,2,0,4,0,.174,23,.240,.348,.588,0,1,1.000,0,101,,,,,,,,,,,,,,,,,,,,,,8,1.00,,,,,,,,,,,,0,0,0,25.0,1.0,4.0,.200,23.00
642086,Dominic Smith,San Francisco Giants,First Base,2025,18,,11,18,5,3,0,1,12,8,0,14,1,.264,53,.359,.377,.736,0,1,1.000,1,248,,,,,,,,,,,,,,,,,,,,,,20,0.61,,,,,,,,,,,,0,0,2,64.0,8.0,24.0,.310,53.00
669062,Erik Miller,San Francisco Giants,Pitcher,2025,35,0.0,32,26,5,5,0,0,20,20,4,24,3,.242,99,.382,.293,.675,1,1,.500,6,471,1.55,29.0,4.0,1.0,0.0,2.0,10.0,2.0,5.0,1.52,125.0,87.0,35.0,0.0,0.0,278.0,.590,3.0,0.0,1.0,1.0,29,1.23,.800,16.24,2.0,1.00,6.21,6.21,7.45,1.55,0.00,15.0,5.0,0,2,1,,,,,
806185,Hayden Birdsong,San Francisco Giants,Pitcher,2025,18,7.0,48,65,32,10,2,8,56,24,0,54,4,.247,219,.328,.420,.748,1,1,.500,3,1000,4.13,56.2,3.0,2.0,0.0,0.0,3.0,0.0,26.0,1.38,251.0,170.0,18.0,0.0,0.0,611.0,.610,4.0,0.0,4.0,0.0,92,0.74,.600,17.65,2.0,2.33,8.89,3.81,8.58,5.08,1.27,2.0,2.0,0,1,3,,,,,
671218,Heliot Ramos,San Francisco Giants,Outfielder,2025,82,,77,71,48,16,1,13,84,30,1,88,10,.278,316,.356,.459,.815,4,5,.556,9,1429,,,,,,,,,,,,,,,,,,,,,,145,1.08,,,,,,,,,,,,0,0,4,360.0,44.0,127.0,.336,24.31
664192,Joey Lucchesi,San Francisco Giants,Pitcher,2025,5,0.0,7,5,3,1,0,0,3,1,0,7,0,.318,22,.348,.364,.712,0,0,.---,0,85,5.40,5.0,0.0,1.0,0.0,0.0,0.0,0.0,3.0,1.60,23.0,15.0,5.0,0.0,0.0,54.0,.640,0.0,0.0,0.0,0.0,8,1.40,.000,17.00,1.0,3.00,5.40,1.80,12.60,5.40,0.00,0.0,0.0,0,0,0,,,,,
808982,Jung Hoo Lee,San Francisco Giants,Outfielder,2025,81,,94,102,46,17,6,6,37,29,0,74,4,.243,304,.315,.398,.713,2,6,.750,1,1292,,,,,,,,,,,,,,,,,,,,,,121,0.92,,,,,,,,,,,,0,0,3,340.0,34.0,113.0,.258,50.67
434378,Justin Verlander,San Francisco Giants,Pitcher,2025,13,13.0,53,90,35,19,0,9,55,25,0,69,2,.260,265,.327,.434,.761,5,3,.375,3,1116,4.26,67.2,0.0,5.0,0.0,0.0,0.0,0.0,32.0,1.39,294.0,203.0,13.0,0.0,0.0,728.0,.650,2.0,0.0,0.0,0.0,115,0.59,.000,16.49,0.0,2.20,7.32,3.33,9.18,4.66,1.20,0.0,0.0,0,0,2,,,,,
694738,Landen Roupp,San Francisco Giants,Pitcher,2025,16,16.0,85,81,40,17,0,7,74,34,1,83,2,.261,318,.333,.381,.714,2,6,.750,5,1348,3.43,81.1,6.0,5.0,0.0,0.0,0.0,0.0,31.0,1.44,359.0,244.0,16.0,0.0,0.0,836.0,.620,2.0,1.0,5.0,0.0,121,1.05,.545,16.57,0.0,2.18,8.19,3.76,9.18,4.43,0.77,0.0,0.0,0,2,3,,,,,
676475,Alec Burleson,St. Louis Cardinals,First Base,2025,73,,59,82,27,13,0,10,36,14,1,74,0,.298,248,.332,.472,.804,0,3,1.000,7,948,,,,,,,,,,,,,,,,,,,,,,117,0.72,,,,,,,,,,,,1,0,3,266.0,37.0,110.0,.312,24.80
669467,Andre Pallante,St. Louis Cardinals,Pitcher,2025,16,16.0,144,51,45,16,3,12,60,29,0,89,1,.260,342,.319,.430,.749,0,11,1.000,4,1406,4.43,87.1,5.0,4.0,0.0,0.0,0.0,0.0,43.0,1.35,375.0,262.0,16.0,0.0,0.0,864.0,.610,1.0,2.0,5.0,0.0,147,2.82,.556,16.10,0.0,2.07,6.18,2.99,9.17,4.64,1.24,0.0,0.0,1,1,1,,,,,
680977,Brendan Donovan,St. Louis Cardinals,Second Base,2025,77,,88,82,45,21,0,6,44,28,3,89,6,.297,300,.366,.427,.793,1,3,.750,4,1251,,,,,,,,,,,,,,,,,,,,,,128,1.07,,,,,,,,,,,,0,1,2,337.0,31.0,111.0,.329,50.00
607200,Erick Fedde,St. Louis Cardinals,Pitcher,2025,16,16.0,86,110,43,17,1,9,57,38,0,81,2,.245,330,.325,.385,.710,2,20,.909,9,1406,4.11,87.2,3.0,7.0,0.0,0.0,0.0,0.0,40.0,1.36,374.0,263.0,16.0,1.0,1.0,857.0,.610,2.0,0.0,1.0,0.0,127,0.78,.300,16.04,0.0,1.50,5.85,3.90,8.32,4.41,0.92,0.0,0.0,0,2,2,,,,,
641658,Garrett Hampson,St. Louis Cardinals,Second Base,2025,32,,12,19,10,1,0,0,19,10,0,10,0,.172,58,.294,.190,.484,1,2,.667,1,293,,,,,,,,,,,,,,,,,,,,,,11,0.63,,,,,,,,,,,,0,2,0,70.0,1.0,22.0,.256,-.--
668941,JoJo Romero,St. Louis Cardinals,Pitcher,2025,32,0.0,32,21,10,5,0,1,20,15,3,20,1,.227,88,.340,.318,.658,0,1,1.000,2,425,2.81,25.2,3.0,3.0,0.0,0.0,11.0,0.0,8.0,1.36,109.0,77.0,32.0,0.0,0.0,260.0,.610,1.0,0.0,1.0,0.0,28,1.52,.500,16.56,6.0,1.33,7.01,5.26,7.01,3.51,0.35,17.0,3.0,0,3,2,,,,,
667463,John King,St. Louis Cardinals,Pitcher,2025,32,0.0,55,18,17,5,0,3,17,10,0,37,0,.296,125,.346,.408,.754,0,4,1.000,3,481,4.50,30.0,2.0,0.0,0.0,1.0,1.0,1.0,15.0,1.57,137.0,90.0,32.0,0.0,0.0,314.0,.650,0.0,0.0,2.0,0.0,51,3.06,1.000,16.03,11.0,1.70,5.10,3.00,11.10,5.10,0.90,20.0,8.0,0,1,1,,,,,
665877,José Fermín,St. Louis Cardinals,Second Base,2025,2,,0,0,1,0,0,0,0,0,0,2,0,1.000,2,1.000,1.000,2.000,0,1,1.000,0,6,,,,,,,,,,,,,,,,,,,,,,2,-.--,,,,,,,,,,,,0,0,0,2.0,0.0,0.0,1.000,-.--
681517,Kyle Leahy,St. Louis Cardinals,Pitcher,2025,34,0.0,50,45,14,6,0,4,34,15,1,36,1,.221,163,.287,.331,.618,2,2,.500,3,667,2.82,44.2,2.0,1.0,0.0,1.0,12.0,1.0,14.0,1.14,181.0,134.0,34.0,0.0,0.0,441.0,.660,1.0,0.0,1.0,1.0,54,1.11,.667,14.93,3.0,2.27,6.85,3.02,7.25,2.82,0.81,17.0,7.0,0,0,2,,,,,
663457,Lars Nootbaar,St. Louis Cardinals,Outfielder,2025,78,,58,98,44,13,0,11,77,45,2,68,4,.227,299,.334,.381,.715,4,4,.500,4,1437,,,,,,,,,,,,,,,,,,,,,,114,0.59,,,,,,,,,,,,0,0,2,350.0,35.0,141.0,.268,27.18
691026,Masyn Winn,St. Louis Cardinals,Shortstop,2025,73,,55,98,52,15,0,7,55,25,0,73,3,.263,278,.328,.392,.720,5,4,.444,5,1311,,,,,,,,,,,,,,,,,,,,,,109,0.56,,,,,,,,,,,,0,1,2,309.0,30.0,105.0,.303,39.71
694335,Matt Svanson,St. Louis Cardinals,Pitcher,2025,12,0.0,16,17,6,2,0,1,16,8,0,9,2,.161,56,.279,.250,.529,0,0,.---,1,298,3.24,16.2,1.0,0.0,0.0,0.0,0.0,0.0,6.0,1.02,68.0,50.0,12.0,0.0,0.0,179.0,.600,2.0,0.0,0.0,0.0,14,0.94,1.000,17.88,4.0,2.00,8.64,4.32,4.86,3.24,0.54,3.0,0.0,0,0,2,,,,,
669461,Matthew Liberatore,St. Louis Cardinals,Pitcher,2025,16,16.0,90,106,40,20,1,7,76,17,0,90,2,.252,357,.287,.373,.660,3,9,.750,4,1363,3.70,92.1,6.0,6.0,0.0,0.0,0.0,0.0,38.0,1.16,381.0,277.0,16.0,0.0,0.0,906.0,.660,2.0,0.0,2.0,1.0,133,0.85,.500,14.76,0.0,4.47,7.41,1.66,8.77,3.90,0.68,0.0,0.0,0,1,4,,,,,
571945,Miles Mikolas,St. Louis Cardinals,Pitcher,2025,16,16.0,75,108,45,19,3,9,56,20,0,87,2,.271,321,.314,.433,.747,2,8,.800,5,1295,4.76,81.1,4.0,5.0,0.0,0.0,0.0,0.0,43.0,1.32,348.0,244.0,16.0,0.0,0.0,855.0,.660,2.0,0.0,1.0,1.0,139,0.69,.444,15.92,0.0,2.80,6.20,2.21,9.63,4.98,1.00,0.0,0.0,0,1,4,,,,,
571448,Nolan Arenado,St. Louis Cardinals,Third Base,2025,79,,75,119,38,13,1,10,34,24,4,75,3,.249,301,.309,.399,.708,0,1,1.000,6,1183,,,,,,,,,,,,,,,,,,,,,,120,0.63,,,,,,,,,,,,0,0,2,330.0,41.0,149.0,.251,30.10
664040,Brandon Lowe,Tampa Bay Rays,Second Base,2025,78,,65,75,52,10,0,18,78,22,0,82,1,.275,298,.325,.490,.815,1,2,.667,3,1224,,,,,,,,,,,,,,,,,,,,,,146,0.87,,,,,,,,,,,,0,0,2,323.0,49.0,114.0,.314,16.56
802415,Chandler Simpson,Tampa Bay Rays,Outfielder,2025,41,,57,33,19,4,1,0,15,8,0,42,0,.290,145,.325,.331,.656,4,21,.840,3,515,,,,,,,,,,,,,,,,,,,,,,48,1.73,,,,,,,,,,,,2,1,1,157.0,12.0,44.0,.321,-.--
666624,Christopher Morel,Tampa Bay Rays,Outfielder,2025,59,,23,41,25,11,0,6,61,14,0,36,2,.224,161,.294,.404,.698,2,4,.667,2,663,,,,,,,,,,,,,,,,,,,,,,65,0.56,,,,,,,,,,,,0,0,0,177.0,18.0,64.0,.319,26.83
678554,Curtis Mead,Tampa Bay Rays,First Base,2025,45,,22,30,13,2,1,3,30,11,0,25,4,.236,106,.328,.358,.686,1,3,.750,4,489,,,,,,,,,,,,,,,,,,,,,,38,0.73,,,,,,,,,,,,0,0,1,122.0,8.0,54.0,.297,35.33
643376,Danny Jansen,Tampa Bay Rays,Catcher,2025,56,,28,65,20,5,0,8,50,22,0,35,3,.199,176,.297,.364,.661,0,0,.---,3,813,,,,,,,,,,,,,,,,,,,,,,64,0.43,,,,,,,,,,,,0,1,1,203.0,24.0,91.0,.227,22.00
656876,Drew Rasmussen,Tampa Bay Rays,Pitcher,2025,16,16.0,92,74,23,8,0,8,72,20,0,61,4,.204,299,.263,.311,.574,4,14,.778,11,1250,2.45,84.1,7.0,5.0,0.0,0.0,0.0,0.0,23.0,0.96,323.0,253.0,16.0,0.0,0.0,820.0,.660,4.0,0.0,2.0,0.0,93,1.24,.583,14.82,0.0,3.60,7.68,2.13,6.51,2.45,0.85,0.0,0.0,0,0,0,,,,,
670955,Edwin Uceta,Tampa Bay Rays,Pitcher,2025,35,0.0,21,38,20,6,0,8,38,15,2,32,3,.250,128,.340,.484,.824,2,4,.667,1,564,5.40,33.1,5.0,1.0,0.0,2.0,13.0,2.0,20.0,1.41,147.0,100.0,35.0,0.0,0.0,368.0,.650,3.0,1.0,0.0,0.0,62,0.55,.833,16.92,5.0,2.53,10.26,4.05,8.64,5.40,2.16,15.0,3.0,0,0,1,,,,,
679358,Eric Orze,Tampa Bay Rays,Pitcher,2025,28,0.0,28,45,11,6,1,3,32,12,1,31,1,.228,136,.295,.353,.648,1,6,.857,2,560,2.45,36.2,1.0,1.0,2.0,3.0,1.0,1.0,10.0,1.17,149.0,110.0,28.0,0.0,0.0,363.0,.650,1.0,0.0,0.0,0.0,48,0.62,.500,15.27,10.0,2.67,7.85,2.95,7.61,2.70,0.74,9.0,5.0,0,0,0,,,,,
664076,Garrett Cleavinger,Tampa Bay Rays,Pitcher,2025,32,0.0,25,27,10,2,0,6,38,7,0,21,4,.189,111,.262,.369,.631,1,1,.500,1,445,2.64,30.2,0.0,3.0,1.0,2.0,11.0,1.0,9.0,0.91,122.0,92.0,32.0,0.0,0.0,303.0,.680,4.0,0.0,0.0,1.0,41,0.93,.000,14.51,5.0,5.43,11.15,2.05,6.16,2.93,1.76,9.0,3.0,0,0,0,,,,,
663968,Jake Mangum,Tampa Bay Rays,Outfielder,2025,49,,56,38,17,8,1,1,24,9,0,54,1,.316,171,.354,.392,.746,1,11,.917,3,606,,,,,,,,,,,,,,,,,,,,,,67,1.47,,,,,,,,,,,,0,1,0,182.0,26.0,64.0,.363,171.00
697812,Joe Rock,Tampa Bay Rays,Pitcher,2025,1,0.0,3,0,2,0,0,1,4,0,0,4,1,.364,11,.417,.636,1.053,0,0,.---,0,45,9.00,2.0,0.0,0.0,0.0,0.0,0.0,0.0,2.0,2.00,12.0,6.0,1.0,0.0,0.0,28.0,.620,1.0,0.0,0.0,0.0,7,3.00,.---,22.50,1.0,-.--,18.00,0.00,18.00,9.00,4.50,0.0,0.0,0,0,0,,,,,
666018,Jonathan Aranda,Tampa Bay Rays,First Base,2025,79,,45,66,43,16,0,10,72,31,1,87,7,.325,268,.406,.496,.902,1,0,.000,6,1267,,,,,,,,,,,,,,,,,,,,,,133,0.68,,,,,,,,,,,,0,0,2,308.0,44.0,104.0,.410,26.80
676609,José Caballero,Tampa Bay Rays,Shortstop,2025,67,,30,52,28,11,1,2,65,25,0,42,3,.225,187,.324,.326,.650,6,29,.829,0,894,,,,,,,,,,,,,,,,,,,,,,61,0.58,,,,,,,,,,,,0,1,1,217.0,23.0,89.0,.331,93.50
666139,Josh Lowe,Tampa Bay Rays,Outfielder,2025,40,,38,35,28,9,0,5,34,15,0,39,1,.269,145,.342,.434,.776,1,6,.857,2,691,,,,,,,,,,,,,,,,,,,,,,63,1.09,,,,,,,,,,,,0,1,0,162.0,14.0,61.0,.321,29.00
691406,Junior Caminero,Tampa Bay Rays,Third Base,2025,78,,90,79,50,17,0,20,60,20,0,79,1,.259,305,.304,.511,.815,1,5,.833,21,1217,,,,,,,,,,,,,,,,,,,,,,156,1.14,,,,,,,,,,,,0,0,3,329.0,51.0,136.0,.259,15.25
666969,Adolis García,Texas Rangers,Outfielder,2025,79,,49,99,26,17,0,9,80,18,0,63,3,.222,284,.269,.377,.646,2,7,.778,4,1231,,,,,,,,,,,,,,,,,,,,,,107,0.49,,,,,,,,,,,,0,0,7,312.0,42.0,137.0,.267,31.56
696030,Alejandro Osuna,Texas Rangers,Outfielder,2025,20,,15,14,3,1,0,0,12,9,1,8,1,.167,48,.305,.188,.493,3,2,.400,0,244,,,,,,,,,,,,,,,,,,,,,,9,1.07,,,,,,,,,,,,0,0,1,59.0,2.0,23.0,.216,-.--
455119,Chris Martin,Texas Rangers,Pitcher,2025,30,0.0,20,28,11,1,0,4,29,3,2,23,0,.232,99,.252,.364,.616,1,4,.800,2,356,2.42,26.0,0.0,4.0,2.0,3.0,11.0,1.0,7.0,1.00,103.0,78.0,30.0,0.0,0.0,260.0,.730,0.0,0.0,1.0,0.0,36,0.71,.000,13.69,6.0,9.67,10.04,1.04,7.96,3.81,1.38,12.0,3.0,0,0,1,,,,,
668390,Cole Winn,Texas Rangers,Pitcher,2025,13,0.0,24,15,4,4,0,1,11,8,2,12,0,.200,60,.294,.317,.611,1,1,.500,0,248,1.59,17.0,0.0,1.0,0.0,0.0,2.0,0.0,3.0,1.18,70.0,51.0,13.0,0.0,0.0,155.0,.630,0.0,0.0,1.0,0.0,19,1.60,.000,14.59,5.0,1.38,5.82,4.24,6.35,2.12,0.53,4.0,0.0,0,2,0,,,,,
608369,Corey Seager,Texas Rangers,Shortstop,2025,52,,56,48,26,6,0,10,44,28,3,47,2,.244,193,.342,.430,.772,0,1,1.000,6,852,,,,,,,,,,,,,,,,,,,,,,83,1.17,,,,,,,,,,,,0,0,2,225.0,23.0,83.0,.262,19.30
694497,Evan Carter,Texas Rangers,Outfielder,2025,32,,22,31,17,4,0,4,18,11,1,28,3,.283,99,.372,.444,.816,1,8,.889,0,425,,,,,,,,,,,,,,,,,,,,,,44,0.71,,,,,,,,,,,,0,0,0,113.0,11.0,39.0,.312,24.75
677649,Ezequiel Duran,Texas Rangers,Shortstop,2025,28,,19,13,4,4,0,0,20,3,0,8,3,.138,58,.215,.207,.422,0,1,1.000,2,260,,,,,,,,,,,,,,,,,,,,,,12,1.46,,,,,,,,,,,,0,1,1,66.0,2.0,24.0,.205,-.--
571948,Hoby Milner,Texas Rangers,Pitcher,2025,38,0.0,54,32,12,6,1,0,37,10,2,29,0,.192,151,.242,.245,.487,0,0,.---,5,635,1.94,41.2,1.0,1.0,0.0,2.0,10.0,2.0,9.0,0.94,162.0,125.0,38.0,0.0,0.0,413.0,.650,0.0,0.0,0.0,0.0,37,1.69,.500,15.24,3.0,3.70,7.99,2.16,6.26,2.59,0.00,24.0,5.0,0,1,0,,,,,
683004,Jack Leiter,Texas Rangers,Pitcher,2025,14,14.0,62,89,34,12,0,9,58,32,0,61,2,.227,269,.313,.372,.685,1,7,.875,5,1210,4.29,71.1,4.0,5.0,0.0,0.0,0.0,0.0,34.0,1.30,304.0,214.0,14.0,0.0,0.0,754.0,.620,2.0,1.0,6.0,0.0,100,0.70,.444,16.96,0.0,1.81,7.32,4.04,7.70,4.29,1.14,0.0,0.0,0,0,1,,,,,
656641,Jacob Latz,Texas Rangers,Pitcher,2025,18,2.0,33,40,13,5,1,4,38,17,1,28,0,.203,138,.288,.341,.629,1,3,.750,4,621,3.03,38.2,1.0,0.0,0.0,0.0,1.0,0.0,13.0,1.16,156.0,116.0,18.0,0.0,0.0,392.0,.630,0.0,0.0,2.0,0.0,47,0.83,1.000,16.06,4.0,2.24,8.84,3.96,6.52,3.03,0.93,12.0,9.0,0,0,1,,,,,
657097,Jacob Webb,Texas Rangers,Pitcher,2025,33,0.0,36,50,17,5,0,5,27,13,1,32,1,.225,142,.293,.366,.659,1,3,.750,1,579,4.03,38.0,4.0,3.0,1.0,3.0,6.0,2.0,17.0,1.18,159.0,114.0,33.0,0.0,0.0,382.0,.660,1.0,0.0,0.0,0.0,52,0.72,.571,15.24,6.0,2.08,6.39,3.08,7.58,4.03,1.18,22.0,6.0,0,2,1,,,,,
594798,Jacob deGrom,Texas Rangers,Pitcher,2025,16,16.0,87,96,22,9,1,9,94,20,0,64,2,.189,339,.237,.301,.538,3,6,.667,4,1362,2.08,95.1,8.0,2.0,0.0,0.0,0.0,0.0,22.0,0.88,363.0,286.0,16.0,0.0,0.0,919.0,.670,2.0,0.0,1.0,0.0,102,0.91,.800,14.29,0.0,4.70,8.87,1.89,6.04,2.08,0.85,0.0,0.0,0,0,2,,,,,
641680,Jonah Heim,Texas Rangers,Catcher,2025,64,,52,66,18,6,0,8,51,10,0,47,1,.222,212,.257,.363,.620,0,3,1.000,5,882,,,,,,,,,,,,,,,,,,,,,,77,0.79,,,,,,,,,,,,0,1,3,227.0,22.0,70.0,.250,26.50
673962,Josh Jung,Texas Rangers,Third Base,2025,73,,65,72,25,10,1,8,71,16,0,66,2,.241,274,.288,.372,.660,1,4,.800,6,1075,,,,,,,,,,,,,,,,,,,,,,102,0.90,,,,,,,,,,,,0,0,0,292.0,35.0,120.0,.297,34.25
669701,Josh Smith,Texas Rangers,Shortstop,2025,71,,67,69,37,12,1,7,48,26,2,71,3,.281,253,.353,.419,.772,3,8,.727,0,1125,,,,,,,,,,,,,,,,,,,,,,106,0.97,,,,,,,,,,,,0,1,1,284.0,21.0,94.0,.322,36.14
680718,Addison Barger,Toronto Blue Jays,Third Base,2025,59,,45,50,30,18,0,9,53,17,2,52,1,.260,200,.321,.485,.806,0,1,1.000,2,844,,,,,,,,,,,,,,,,,,,,,,97,0.90,,,,,,,,,,,,0,0,0,218.0,26.0,89.0,.312,22.22
672386,Alejandro Kirk,Toronto Blue Jays,Catcher,2025,68,,69,77,22,9,0,7,27,19,1,78,1,.315,248,.362,.435,.797,0,0,.---,7,1044,,,,,,,,,,,,,,,,,,,,,,108,0.90,,,,,,,,,,,,0,0,3,271.0,39.0,109.0,.327,35.43
665926,Andrés Giménez,Toronto Blue Jays,Second Base,2025,57,,67,57,22,7,0,4,38,15,0,40,9,.200,200,.284,.295,.579,1,10,.909,3,868,,,,,,,,,,,,,,,,,,,,,,59,1.18,,,,,,,,,,,,0,1,1,226.0,18.0,99.0,.226,50.00
666182,Bo Bichette,Toronto Blue Jays,Shortstop,2025,83,,108,92,39,20,1,11,61,19,1,97,2,.272,356,.311,.427,.738,3,4,.571,7,1358,,,,,,,,,,,,,,,,,,,,,,152,1.17,,,,,,,,,,,,0,0,2,379.0,49.0,120.0,.301,32.36
680755,Braydon Fisher,Toronto Blue Jays,Pitcher,2025,20,1.0,14,21,5,1,0,2,29,4,0,13,0,.171,76,.210,.263,.473,0,2,1.000,1,313,2.05,22.0,1.0,0.0,0.0,0.0,2.0,0.0,5.0,0.77,81.0,66.0,20.0,0.0,0.0,216.0,.690,0.0,0.0,0.0,0.0,20,0.67,1.000,14.23,6.0,7.25,11.86,1.64,5.32,2.05,0.82,13.0,5.0,0,0,1,,,,,
663893,Brendon Little,Toronto Blue Jays,Pitcher,2025,38,0.0,36,19,13,2,1,1,53,21,0,23,1,.176,131,.294,.229,.523,3,0,.000,3,673,1.93,37.1,3.0,1.0,0.0,2.0,15.0,2.0,8.0,1.18,153.0,112.0,38.0,0.0,0.0,396.0,.590,1.0,1.0,3.0,0.0,30,1.89,.750,18.03,2.0,2.52,12.78,5.06,5.54,3.13,0.24,16.0,3.0,0,0,0,,,,,
643338,Chad Green,Toronto Blue Jays,Pitcher,2025,35,0.0,22,45,17,4,0,10,29,9,1,36,1,.273,132,.324,.530,.854,6,3,.333,0,540,4.24,34.0,2.0,2.0,1.0,1.0,4.0,0.0,16.0,1.32,142.0,102.0,35.0,0.0,0.0,350.0,.650,1.0,0.0,0.0,0.0,70,0.49,.500,15.88,10.0,3.22,7.68,2.38,9.53,4.50,2.65,15.0,5.0,0,0,0,,,,,
605135,Chris Bassitt,Toronto Blue Jays,Pitcher,2025,17,17.0,101,83,47,18,1,11,93,25,0,103,7,.272,379,.328,.412,.740,2,10,.833,6,1558,4.29,94.1,7.0,4.0,0.0,0.0,0.0,0.0,45.0,1.36,412.0,283.0,17.0,0.0,0.0,1020.0,.650,7.0,1.0,2.0,0.0,156,1.22,.636,16.52,0.0,3.72,8.87,2.39,9.83,4.48,1.05,0.0,0.0,0,0,1,,,,,
676914,Davis Schneider,Toronto Blue Jays,Outfielder,2025,23,,8,13,7,1,0,1,18,12,0,8,1,.170,47,.350,.255,.605,0,0,.---,2,269,,,,,,,,,,,,,,,,,,,,,,12,0.62,,,,,,,,,,,,0,0,0,60.0,5.0,32.0,.250,47.00
641778,Eric Lauer,Toronto Blue Jays,Pitcher,2025,12,6.0,31,55,13,9,1,6,45,14,0,34,2,.207,164,.278,.384,.662,1,5,.833,3,712,2.60,45.0,4.0,1.0,0.0,0.0,0.0,0.0,13.0,1.07,181.0,135.0,12.0,0.0,0.0,468.0,.660,2.0,0.0,0.0,1.0,63,0.56,.800,15.82,1.0,3.21,9.00,2.80,6.80,2.60,1.20,1.0,0.0,0,1,0,,,,,
676391,Ernie Clement,Toronto Blue Jays,Third Base,2025,81,,62,96,38,17,0,4,31,18,1,80,1,.304,263,.347,.414,.761,3,3,.500,6,893,,,,,,,,,,,,,,,,,,,,,,109,0.65,,,,,,,,,,,,0,3,3,288.0,21.0,122.0,.329,65.75
543807,George Springer,Toronto Blue Jays,Outfielder,2025,77,,57,71,42,15,1,11,62,38,1,67,2,.265,253,.360,.462,.822,0,9,1.000,9,1186,,,,,,,,,,,,,,,,,,,,,,117,0.80,,,,,,,,,,,,5,0,4,302.0,40.0,115.0,.304,23.00
656546,Jeff Hoffman,Toronto Blue Jays,Pitcher,2025,36,0.0,23,31,20,7,0,8,48,10,1,27,1,.211,128,.271,.453,.724,2,0,.000,0,542,4.98,34.1,6.0,2.0,18.0,22.0,0.0,4.0,19.0,1.08,140.0,103.0,36.0,0.0,0.0,381.0,.700,1.0,0.0,1.0,1.0,58,0.74,.750,15.79,30.0,4.80,12.58,2.62,7.08,5.24,2.10,8.0,7.0,0,0,1,,,,,
682729,Jonatan Clase,Toronto Blue Jays,Outfielder,2025,33,,24,28,10,3,0,2,27,10,0,20,1,.204,98,.284,.296,.580,1,3,.750,1,432,,,,,,,,,,,,,,,,,,,,,,29,0.86,,,,,,,,,,,,0,1,0,110.0,9.0,42.0,.261,49.00
621244,José Berríos,Toronto Blue Jays,Pitcher,2025,17,17.0,92,107,38,17,2,12,89,37,2,86,4,.231,372,.307,.384,.691,3,6,.667,12,1513,3.26,102.0,4.0,3.0,0.0,0.0,0.0,0.0,37.0,1.21,415.0,306.0,17.0,0.0,0.0,964.0,.640,4.0,1.0,1.0,2.0,143,0.86,.571,14.83,0.0,2.41,7.85,3.26,7.59,3.35,1.06,0.0,0.0,0,1,1,,,,,
641927,Bailey Ober,Minnesota Twins,Pitcher,2025,17,17.0,61,137,55,23,0,21,74,22,0,108,4,.289,374,.331,.519,.850,3,3,.500,4,1486,5.28,92.0,4.0,6.0,0.0,0.0,0.0,0.0,54.0,1.41,406.0,276.0,17.0,1.0,0.0,1002.0,.670,4.0,2.0,1.0,0.0,194,0.45,.400,16.15,0.0,3.36,7.24,2.15,10.57,5.38,2.05,0.0,0.0,0,1,5,,,,,
592779,Brock Stewart,Minnesota Twins,Pitcher,2025,27,0.0,13,24,7,1,1,2,34,8,1,18,2,.205,88,.286,.307,.593,0,6,1.000,0,396,2.63,24.0,1.0,1.0,0.0,1.0,9.0,1.0,7.0,1.08,99.0,72.0,27.0,0.0,0.0,253.0,.640,2.0,0.0,1.0,1.0,27,0.54,.500,16.50,2.0,4.25,12.75,3.00,6.75,2.63,0.75,7.0,4.0,0,1,0,,,,,
686797,Brooks Lee,Minnesota Twins,Third Base,2025,67,,56,72,23,9,0,8,49,12,0,67,1,.277,242,.311,.413,.724,1,1,.500,4,1002,,,,,,,,,,,,,,,,,,,,,,100,0.78,,,,,,,,,,,,0,0,2,257.0,32.0,90.0,.316,30.25
621439,Byron Buxton,Minnesota Twins,Outfielder,2025,67,,46,66,53,10,3,19,76,25,2,72,3,.281,256,.347,.566,.913,0,15,1.000,0,1084,,,,,,,,,,,,,,,,,,,,,,145,0.70,,,,,,,,,,,,0,0,4,288.0,51.0,89.0,.321,13.47
621043,Carlos Correa,Minnesota Twins,Shortstop,2025,73,,78,66,32,14,0,7,55,16,0,69,0,.258,267,.299,.390,.689,0,0,.---,10,1069,,,,,,,,,,,,,,,,,,,,,,104,1.18,,,,,,,,,,,,0,0,1,284.0,28.0,127.0,.301,38.14
663978,Chris Paddack,Minnesota Twins,Pitcher,2025,17,17.0,82,121,51,14,2,13,63,24,0,87,3,.253,344,.302,.419,.721,1,2,.667,6,1494,4.70,90.0,3.0,7.0,0.0,0.0,0.0,0.0,47.0,1.23,380.0,270.0,17.0,0.0,0.0,965.0,.650,3.0,0.0,2.0,0.0,144,0.68,.300,16.60,0.0,2.63,6.30,2.40,8.70,5.10,1.30,0.0,0.0,0,2,7,,,,,
543877,Christian Vázquez,Minnesota Twins,Catcher,2025,44,,33,50,10,6,0,2,25,13,0,22,1,.171,129,.250,.264,.514,1,0,.000,2,567,,,,,,,,,,,,,,,,,,,,,,34,0.66,,,,,,,,,,,,0,0,1,144.0,9.0,66.0,.194,64.50
663485,Cole Sands,Minnesota Twins,Pitcher,2025,36,0.0,39,36,22,8,0,3,26,9,0,37,1,.278,133,.322,.406,.728,1,2,.667,3,558,4.67,34.2,3.0,3.0,2.0,4.0,7.0,2.0,18.0,1.33,148.0,104.0,36.0,0.0,0.0,366.0,.660,1.0,0.0,2.0,0.0,54,1.08,.500,16.10,11.0,2.89,6.75,2.34,9.61,5.71,0.78,19.0,9.0,0,2,3,,,,,
680577,DaShawn Keirsey Jr.,Minnesota Twins,Outfielder,2025,51,,21,17,7,0,0,1,22,2,0,7,1,.104,67,.143,.149,.292,3,5,.625,1,280,,,,,,,,,,,,,,,,,,,,,,10,1.24,,,,,,,,,,,,0,0,0,70.0,4.0,33.0,.136,67.00
543056,Danny Coulombe,Minnesota Twins,Pitcher,2025,29,1.0,19,23,2,3,0,0,24,5,0,14,0,.175,80,.224,.213,.437,1,1,.500,1,330,0.81,22.1,1.0,0.0,2.0,2.0,3.0,0.0,2.0,0.85,85.0,67.0,29.0,0.0,0.0,225.0,.680,0.0,0.0,1.0,1.0,17,0.83,1.000,14.78,7.0,4.80,9.67,2.01,5.64,0.81,0.00,21.0,3.0,0,0,0,,,,,
701581,David Festa,Minnesota Twins,Pitcher,2025,8,7.0,28,41,25,6,0,6,38,15,0,37,4,.259,143,.344,.427,.771,2,3,.600,1,642,5.40,36.2,2.0,2.0,0.0,0.0,0.0,0.0,22.0,1.42,163.0,110.0,8.0,0.0,0.0,409.0,.640,4.0,0.0,1.0,2.0,61,0.68,.500,17.51,0.0,2.53,9.33,3.68,9.08,6.14,1.47,0.0,0.0,0,0,1,,,,,
643377,Griffin Jax,Minnesota Twins,Pitcher,2025,38,0.0,23,23,17,7,1,4,60,8,1,36,0,.254,142,.293,.401,.694,0,4,1.000,1,585,4.08,35.1,1.0,4.0,0.0,4.0,17.0,4.0,16.0,1.25,150.0,106.0,38.0,0.0,0.0,405.0,.690,0.0,0.0,0.0,1.0,57,1.00,.200,16.56,2.0,7.50,15.28,2.04,9.17,4.33,1.02,3.0,0.0,0,0,0,,,,,
664056,Harrison Bader,Minnesota Twins,Outfielder,2025,75,,51,49,22,10,0,7,59,20,0,52,6,.249,209,.329,.397,.726,3,7,.700,3,960,,,,,,,,,,,,,,,,,,,,,,83,1.04,,,,,,,,,,,,0,0,2,237.0,27.0,93.0,.310,29.86
661395,Jhoan Duran,Minnesota Twins,Pitcher,2025,39,0.0,52,18,9,3,0,0,42,14,3,26,3,.191,136,.277,.213,.490,0,4,1.000,1,591,1.69,37.1,4.0,3.0,12.0,14.0,1.0,2.0,7.0,1.07,155.0,112.0,39.0,0.0,0.0,385.0,.650,3.0,0.0,2.0,0.0,29,2.89,.571,15.83,26.0,3.00,10.13,3.38,6.27,2.17,0.00,3.0,2.0,0,0,2,,,,,
657746,Joe Ryan,Minnesota Twins,Pitcher,2025,16,15.0,65,97,30,16,0,10,104,20,0,61,10,.188,325,.256,.329,.585,7,12,.632,3,1458,2.86,91.1,8.0,3.0,0.0,0.0,0.0,0.0,29.0,0.89,357.0,274.0,16.0,0.0,0.0,950.0,.650,10.0,2.0,0.0,1.0,107,0.67,.727,15.96,0.0,5.20,10.25,1.97,6.01,2.96,0.99,0.0,0.0,0,1,1,,,,,
664761,Alec Bohm,Philadelphia Phillies,Third Base,2025,81,,98,74,33,12,1,7,58,17,0,88,3,.279,315,.320,.390,.710,0,2,1.000,12,1211,,,,,,,,,,,,,,,,,,,,,,123,1.32,,,,,,,,,,,,0,0,3,338.0,37.0,135.0,.320,45.00
669016,Brandon Marsh,Philadelphia Phillies,Outfielder,2025,63,,40,39,22,10,1,2,48,20,0,42,0,.256,164,.332,.366,.698,1,4,.800,1,762,,,,,,,,,,,,,,,,,,,,,,60,1.03,,,,,,,,,,,,0,2,3,189.0,17.0,72.0,.342,82.00
681082,Bryson Stott,Philadelphia Phillies,Second Base,2025,76,,63,95,35,8,2,5,55,27,0,68,1,.244,279,.312,.341,.653,3,12,.800,1,1386,,,,,,,,,,,,,,,,,,,,,,95,0.66,,,,,,,,,,,,0,1,1,309.0,34.0,118.0,.286,55.80
671083,Buddy Kennedy,Philadelphia Phillies,First Base,2025,4,,3,2,0,0,0,0,2,1,0,0,0,.000,7,.125,.000,.125,0,0,.---,0,27,,,,,,,,,,,,,,,,,,,,,,0,1.50,,,,,,,,,,,,0,0,0,8.0,0.0,5.0,.000,-.--
650911,Cristopher Sánchez,Philadelphia Phillies,Pitcher,2025,16,16.0,103,66,30,15,0,7,103,28,0,81,6,.229,353,.297,.331,.628,3,2,.400,10,1445,2.79,93.2,6.0,2.0,0.0,0.0,0.0,0.0,29.0,1.16,387.0,281.0,16.0,0.0,0.0,935.0,.650,6.0,0.0,5.0,0.0,117,1.56,.750,15.43,0.0,3.68,9.90,2.69,7.78,2.88,0.67,0.0,0.0,0,0,0,,,,,
642016,Daniel Robert,Philadelphia Phillies,Pitcher,2025,3,0.0,0,0,1,0,0,0,4,3,0,2,0,.333,6,.556,.333,.889,1,0,.000,0,48,5.40,1.2,0.0,0.0,0.0,0.0,0.0,0.0,1.0,3.00,9.0,5.0,3.0,0.0,0.0,28.0,.580,0.0,0.0,0.0,0.0,2,-.--,.---,28.80,2.0,1.33,21.60,16.20,10.80,5.40,0.00,2.0,0.0,0,0,0,,,,,
624641,Edmundo Sosa,Philadelphia Phillies,Second Base,2025,42,,32,26,12,7,0,2,26,6,0,31,2,.274,113,.320,.389,.709,0,0,.---,3,449,,,,,,,,,,,,,,,,,,,,,,44,1.23,,,,,,,,,,,,0,1,1,123.0,16.0,37.0,.337,56.50
592663,J.T. Realmuto,Philadelphia Phillies,Catcher,2025,69,,74,55,30,12,1,5,67,23,1,62,2,.240,258,.307,.353,.660,1,5,.833,11,1112,,,,,,,,,,,,,,,,,,,,,,91,1.35,,,,,,,,,,,,0,0,0,283.0,28.0,106.0,.306,51.60
666200,Jesús Luzardo,Philadelphia Phillies,Pitcher,2025,17,17.0,80,82,46,22,0,7,111,32,0,102,1,.273,373,.331,.389,.720,5,17,.773,7,1621,4.06,95.1,7.0,4.0,0.0,0.0,0.0,0.0,43.0,1.41,408.0,286.0,17.0,0.0,0.0,1037.0,.640,1.0,1.0,2.0,4.0,145,0.98,.636,17.00,0.0,3.47,10.48,3.02,9.63,4.34,0.66,0.0,0.0,0,0,2,,,,,
605452,Joe Ross,Philadelphia Phillies,Pitcher,2025,27,1.0,48,36,23,14,1,7,29,14,1,41,2,.272,151,.337,.517,.854,1,0,.000,0,638,5.21,38.0,2.0,1.0,0.0,2.0,0.0,2.0,22.0,1.45,170.0,114.0,27.0,0.0,0.0,412.0,.650,2.0,0.0,0.0,0.0,78,1.33,.667,16.79,4.0,2.07,6.87,3.32,9.71,5.45,1.66,4.0,2.0,0,1,2,,,,,
679032,Johan Rojas,Philadelphia Phillies,Outfielder,2025,59,,37,33,18,3,2,1,36,10,0,28,0,.219,128,.271,.297,.568,2,9,.818,2,516,,,,,,,,,,,,,,,,,,,,,,38,1.12,,,,,,,,,,,,0,4,2,144.0,15.0,69.0,.290,128.00
605447,Jordan Romano,Philadelphia Phillies,Pitcher,2025,33,0.0,23,25,25,7,0,5,36,14,1,32,2,.278,115,.364,.470,.834,3,9,.750,2,500,7.28,29.2,0.0,3.0,8.0,10.0,6.0,2.0,24.0,1.55,132.0,89.0,33.0,0.0,0.0,323.0,.650,2.0,0.0,0.0,0.0,54,0.92,.000,16.85,13.0,2.57,10.92,4.25,9.71,7.58,1.52,1.0,0.0,0,0,1,,,,,
656941,Kyle Schwarber,Philadelphia Phillies,Outfielder,2025,84,,63,70,59,10,1,25,95,60,5,77,6,.252,305,.385,.538,.923,1,8,.889,1,1560,,,,,,,,,,,,,,,,,,,,,,164,0.90,,,,,,,,,,,,0,0,0,371.0,57.0,144.0,.281,12.20
621381,Matt Strahm,Philadelphia Phillies,Pitcher,2025,36,0.0,13,49,16,7,1,4,37,9,0,32,0,.254,126,.295,.421,.716,0,1,1.000,1,552,3.78,33.1,1.0,3.0,5.0,9.0,9.0,4.0,14.0,1.23,140.0,100.0,36.0,0.0,0.0,386.0,.700,0.0,0.0,3.0,0.0,53,0.27,.250,16.56,11.0,4.11,9.99,2.43,8.64,4.32,1.08,5.0,2.0,0,1,4,,,,,
596146,Max Kepler,Philadelphia Phillies,Outfielder,2025,75,,55,83,32,14,0,9,58,31,1,51,3,.207,246,.302,.374,.676,0,0,.---,5,1106,,,,,,,,,,,,,,,,,,,,,,92,0.66,,,,,,,,,,,,0,0,1,281.0,28.0,120.0,.233,27.33
607481,Aaron Bummer,Atlanta Braves,Pitcher,2025,27,0.0,40,21,14,8,2,0,32,12,3,29,4,.244,119,.326,.345,.671,1,8,.889,4,551,3.06,32.1,0.0,1.0,0.0,0.0,1.0,0.0,11.0,1.27,138.0,97.0,27.0,0.0,0.0,356.0,.650,4.0,0.0,1.0,0.0,41,1.90,.000,17.04,4.0,2.67,8.91,3.34,8.07,3.90,0.00,25.0,13.0,0,0,3,,,,,
657077,Alex Verdugo,Atlanta Braves,Outfielder,2025,55,,61,57,21,10,0,0,29,13,0,47,2,.242,194,.297,.294,.591,0,1,1.000,1,862,,,,,,,,,,,,,,,,,,,,,,57,1.07,,,,,,,,,,,,0,0,0,209.0,12.0,82.0,.285,-.--
663586,Austin Riley,Atlanta Braves,Third Base,2025,83,,53,92,46,14,1,12,103,24,1,91,3,.269,338,.322,.423,.745,1,2,.667,7,1488,,,,,,,,,,,,,,,,,,,,,,143,0.58,,,,,,,,,,,,0,0,1,366.0,42.0,148.0,.353,28.17
693821,Bryce Elder,Atlanta Braves,Pitcher,2025,13,13.0,91,49,45,19,1,14,57,24,0,76,3,.281,270,.344,.515,.859,2,8,.800,5,1125,5.82,68.0,2.0,5.0,0.0,0.0,0.0,0.0,44.0,1.47,300.0,204.0,13.0,0.0,0.0,695.0,.620,3.0,0.0,1.0,0.0,139,1.86,.286,16.54,0.0,2.38,7.54,3.18,10.06,5.96,1.85,0.0,0.0,0,1,2,,,,,
800311,Didier Fuentes,Atlanta Braves,Pitcher,2025,2,2.0,6,14,10,2,0,3,4,1,0,14,1,.378,37,.400,.676,1.076,1,0,.000,1,161,10.80,8.1,0.0,2.0,0.0,0.0,0.0,0.0,10.0,1.80,40.0,25.0,2.0,0.0,0.0,103.0,.640,1.0,0.0,0.0,0.0,25,0.43,.000,19.32,0.0,4.00,4.32,1.08,15.12,10.80,3.24,0.0,0.0,0,0,1,,,,,
686948,Drake Baldwin,Atlanta Braves,Catcher,2025,56,,55,32,19,4,0,9,29,18,0,45,0,.280,161,.352,.472,.824,0,0,.---,5,725,,,,,,,,,,,,,,,,,,,,,,76,1.72,,,,,,,,,,,,0,0,0,179.0,26.0,59.0,.293,17.89
689266,Dylan Dodd,Atlanta Braves,Pitcher,2025,9,0.0,12,5,2,1,0,0,7,2,0,5,0,.172,29,.226,.207,.433,0,0,.---,0,124,2.16,8.1,0.0,0.0,0.0,0.0,0.0,0.0,2.0,0.84,31.0,25.0,9.0,0.0,0.0,83.0,.670,0.0,0.0,0.0,1.0,6,2.40,.---,14.88,5.0,3.50,7.56,2.16,5.40,2.16,0.00,8.0,3.0,0,0,0,,,,,
669276,Dylan Lee,Atlanta Braves,Pitcher,2025,38,0.0,34,35,9,4,0,5,40,9,1,23,0,.177,130,.229,.323,.552,1,2,.667,2,556,1.67,37.2,1.0,2.0,2.0,5.0,9.0,3.0,7.0,0.85,141.0,113.0,38.0,0.0,0.0,380.0,.680,0.0,3.0,1.0,2.0,42,0.97,.333,14.76,6.0,4.44,9.56,2.15,5.50,2.15,1.19,16.0,2.0,0,1,1,,,,,
642201,Eli White,Atlanta Braves,Outfielder,2025,65,,48,44,26,7,3,3,40,9,1,42,1,.243,173,.284,.370,.654,1,5,.833,2,669,,,,,,,,,,,,,,,,,,,,,,64,1.09,,,,,,,,,,,,0,1,0,184.0,16.0,75.0,.300,57.67
660853,Enyel De Los Santos,Atlanta Braves,Pitcher,2025,33,0.0,27,38,14,6,0,2,32,11,1,26,2,.211,123,.287,.309,.596,0,2,1.000,2,547,3.82,33.0,2.0,2.0,0.0,1.0,2.0,1.0,14.0,1.12,136.0,99.0,33.0,0.0,0.0,365.0,.670,2.0,1.0,2.0,0.0,38,0.71,.500,16.58,4.0,2.91,8.73,3.00,7.09,3.82,0.55,19.0,5.0,0,0,0,,,,,
656550,Grant Holmes,Atlanta Braves,Pitcher,2025,17,16.0,80,77,38,13,0,14,103,42,0,71,3,.217,327,.309,.385,.694,0,2,1.000,9,1495,3.70,90.0,4.0,7.0,0.0,0.0,0.0,0.0,37.0,1.26,376.0,270.0,17.0,0.0,0.0,940.0,.630,3.0,0.0,2.0,1.0,126,1.04,.364,16.61,1.0,2.45,10.30,4.20,7.10,3.80,1.40,0.0,0.0,0,0,4,,,,,
643361,Kevin Herget,Atlanta Braves,Pitcher,2025,1,0.0,2,4,2,1,0,0,1,0,0,3,0,.300,10,.300,.400,.700,0,0,.---,0,42,4.50,2.0,0.0,0.0,0.0,0.0,0.0,0.0,1.0,1.50,10.0,6.0,1.0,0.0,0.0,25.0,.600,0.0,0.0,1.0,0.0,4,0.50,.---,21.00,1.0,-.--,4.50,0.00,13.50,9.00,0.00,0.0,0.0,0,0,0,,,,,
663897,Luke Williams,Atlanta Braves,Shortstop,2025,20,,5,4,3,1,0,0,3,0,0,2,1,.143,14,.200,.214,.414,0,3,1.000,1,49,,,,,,,,,,,,,,,,,,,,,,3,1.25,,,,,,,,,,,,0,0,0,15.0,2.0,16.0,.182,-.--
542303,Marcell Ozuna,Atlanta Braves,Designated Hitter,2025,80,,71,67,35,10,0,11,82,58,2,71,2,.247,287,.373,.397,.770,0,0,.---,8,1518,,,,,,,,,,,,,,,,,,,,,,114,1.06,,,,,,,,,,,,0,0,4,351.0,40.0,153.0,.303,26.09
621566,Matt Olson,Atlanta Braves,First Base,2025,83,,71,77,46,21,0,15,84,50,1,81,2,.261,310,.364,.474,.838,0,0,.---,9,1596,,,,,,,,,,,,,,,,,,,,,,147,0.92,,,,,,,,,,,,0,0,3,365.0,52.0,149.0,.308,20.67
650644,Aaron Civale,Chicago White Sox,Pitcher,2025,8,8.0,25,55,20,10,0,7,29,16,1,41,2,.277,148,.353,.486,.839,0,0,.---,4,666,4.74,38.0,1.0,4.0,0.0,0.0,0.0,0.0,20.0,1.50,168.0,114.0,8.0,0.0,0.0,418.0,.630,2.0,0.0,0.0,0.0,72,0.45,.200,17.53,0.0,1.81,6.87,3.79,9.71,4.74,1.66,0.0,0.0,0,1,1,,,,,
605288,Adrian Houser,Chicago White Sox,Pitcher,2025,7,7.0,47,43,9,6,2,2,31,14,0,36,0,.232,155,.292,.335,.627,1,0,.000,4,646,1.90,42.2,3.0,2.0,0.0,0.0,0.0,0.0,9.0,1.17,171.0,128.0,7.0,0.0,0.0,407.0,.630,0.0,1.0,1.0,2.0,52,1.09,.600,15.14,0.0,2.21,6.54,2.95,7.59,1.90,0.42,0.0,0.0,0,0,2,,,,,
643217,Andrew Benintendi,Chicago White Sox,Outfielder,2025,56,,46,76,25,9,2,10,37,17,1,47,2,.233,202,.293,.446,.739,0,0,.---,3,827,,,,,,,,,,,,,,,,,,,,,,90,0.61,,,,,,,,,,,,1,0,4,226.0,32.0,87.0,.233,20.20
596103,Austin Slater,Chicago White Sox,Outfielder,2025,36,,21,13,11,5,0,2,27,9,0,18,0,.231,78,.310,.372,.682,0,0,.---,1,370,,,,,,,,,,,,,,,,,,,,,,29,1.62,,,,,,,,,,,,0,1,0,88.0,5.0,42.0,.327,39.00
685126,Brandon Eisert,Chicago White Sox,Pitcher,2025,36,2.0,28,35,17,12,2,4,41,8,2,39,5,.277,141,.333,.475,.808,0,4,1.000,0,601,4.33,35.1,2.0,1.0,2.0,4.0,4.0,2.0,17.0,1.33,156.0,106.0,36.0,0.0,0.0,374.0,.620,5.0,0.0,1.0,0.0,67,0.80,.667,17.01,7.0,5.13,10.44,2.04,9.93,4.33,1.02,20.0,7.0,0,0,2,,,,,
805367,Chase Meidroth,Chicago White Sox,Shortstop,2025,60,,69,57,27,5,0,2,36,28,0,58,2,.265,219,.352,.315,.667,3,10,.769,7,1052,,,,,,,,,,,,,,,,,,,,,,69,1.21,,,,,,,,,,,,0,0,1,250.0,10.0,73.0,.308,109.50
656186,Dan Altavilla,Chicago White Sox,Pitcher,2025,13,0.0,14,16,4,1,0,3,10,6,0,9,2,.184,49,.298,.388,.686,0,1,1.000,2,216,1.84,14.2,0.0,1.0,1.0,1.0,0.0,0.0,3.0,1.02,57.0,44.0,13.0,0.0,0.0,137.0,.630,2.0,0.0,0.0,1.0,19,0.88,.000,14.73,6.0,1.67,6.14,3.68,5.52,2.45,1.84,0.0,0.0,0,0,0,,,,,
700337,Edgar Quero,Chicago White Sox,Catcher,2025,54,,51,38,8,7,0,0,35,16,0,43,2,.259,166,.330,.301,.631,1,0,.000,3,726,,,,,,,,,,,,,,,,,,,,,,50,1.34,,,,,,,,,,,,0,0,1,185.0,17.0,66.0,.326,-.--
691799,Grant Taylor,Chicago White Sox,Pitcher,2025,8,1.0,10,8,3,1,0,0,10,1,0,7,0,.200,35,.222,.229,.451,0,0,.---,2,143,2.70,10.0,0.0,0.0,2.0,3.0,3.0,1.0,3.0,0.80,36.0,30.0,8.0,0.0,0.0,100.0,.700,0.0,0.0,1.0,0.0,8,1.25,.---,14.30,3.0,10.00,9.00,0.90,6.30,2.70,0.00,0.0,0.0,0,0,0,,,,,
686563,Jonathan Cannon,Chicago White Sox,Pitcher,2025,13,11.0,57,84,35,14,2,11,55,24,0,71,4,.268,265,.336,.460,.796,1,6,.857,6,1162,4.59,66.2,2.0,7.0,0.0,0.0,0.0,0.0,34.0,1.43,295.0,200.0,13.0,0.0,0.0,725.0,.620,4.0,1.0,2.0,0.0,122,0.68,.222,17.43,0.0,2.29,7.43,3.24,9.59,4.72,1.48,0.0,0.0,0,0,2,,,,,
673929,Jordan Leasure,Chicago White Sox,Pitcher,2025,34,1.0,18,34,17,10,1,5,36,18,1,29,1,.250,116,.353,.483,.836,1,1,.500,0,568,4.55,29.2,2.0,4.0,1.0,4.0,8.0,3.0,15.0,1.58,136.0,89.0,34.0,0.0,0.0,335.0,.590,1.0,0.0,2.0,0.0,56,0.53,.333,19.15,7.0,2.00,10.92,5.46,8.80,5.16,1.52,16.0,8.0,0,0,1,,,,,
668942,Josh Rojas,Chicago White Sox,Third Base,2025,46,,33,39,8,6,0,0,36,14,0,24,0,.185,130,.262,.231,.493,1,4,.800,3,562,,,,,,,,,,,,,,,,,,,,,,30,0.85,,,,,,,,,,,,0,1,1,146.0,6.0,59.0,.253,-.--
691019,Kyle Teel,Chicago White Sox,Catcher,2025,16,,8,9,6,4,0,0,16,8,0,15,1,.319,47,.421,.404,.825,1,1,.500,0,239,,,,,,,,,,,,,,,,,,,,,,19,0.89,,,,,,,,,,,,0,0,1,57.0,4.0,22.0,.469,-.--
672820,Lenyn Sosa,Chicago White Sox,Second Base,2025,69,,40,79,22,12,1,6,58,7,0,66,0,.273,242,.293,.405,.698,1,1,.500,3,872,,,,,,,,,,,,,,,,,,,,,,98,0.51,,,,,,,,,,,,0,1,0,250.0,22.0,113.0,.337,40.33
572191,Michael A. Taylor,Chicago White Sox,Outfielder,2025,73,,20,40,21,10,1,4,63,16,0,33,0,.214,154,.287,.370,.657,2,7,.778,3,691,,,,,,,,,,,,,,,,,,,,,,57,0.50,,,,,,,,,,,,0,1,1,172.0,17.0,69.0,.330,38.50
682663,Agustín Ramírez,Miami Marlins,Catcher,2025,58,,71,55,32,15,1,12,47,17,1,59,0,.255,231,.305,.485,.790,2,1,.333,6,865,,,,,,,,,,,,,,,,,,,,,,112,1.29,,,,,,,,,,,,0,0,1,249.0,33.0,100.0,.272,19.25
669622,Anthony Bender,Miami Marlins,Pitcher,2025,35,0.0,42,37,10,4,1,3,26,15,1,22,2,.173,127,.271,.291,.562,1,7,.875,2,535,2.27,35.2,2.0,5.0,1.0,4.0,13.0,3.0,9.0,1.04,144.0,107.0,35.0,0.0,0.0,346.0,.650,2.0,0.0,1.0,0.0,37,1.14,.286,15.00,7.0,1.73,6.56,3.79,5.55,2.52,0.76,10.0,3.0,0,0,0,,,,,
806188,Cade Gibson,Miami Marlins,Pitcher,2025,18,1.0,32,26,8,1,1,1,17,7,1,21,2,.219,96,.286,.281,.567,0,1,1.000,1,406,2.10,25.2,2.0,3.0,0.0,1.0,3.0,1.0,6.0,1.09,105.0,77.0,18.0,0.0,0.0,259.0,.640,2.0,0.0,4.0,0.0,27,1.23,.400,15.82,7.0,2.43,5.96,2.45,7.36,2.81,0.35,6.0,1.0,0,0,0,,,,,
615698,Cal Quantrill,Miami Marlins,Pitcher,2025,16,16.0,60,89,45,19,3,11,56,22,0,81,4,.284,285,.343,.488,.831,3,16,.842,10,1288,5.42,73.0,3.0,7.0,0.0,0.0,0.0,0.0,44.0,1.41,312.0,219.0,16.0,0.0,0.0,798.0,.620,4.0,0.0,2.0,2.0,139,0.67,.300,17.64,0.0,2.55,6.90,2.71,9.99,5.55,1.36,0.0,0.0,0,0,1,,,,,
676534,Calvin Faucher,Miami Marlins,Pitcher,2025,35,0.0,33,29,18,3,0,2,29,15,0,28,3,.241,116,.336,.319,.655,0,4,1.000,2,562,4.31,31.1,3.0,2.0,8.0,12.0,4.0,4.0,15.0,1.37,137.0,94.0,35.0,0.0,0.0,332.0,.590,3.0,0.0,1.0,0.0,37,1.14,.600,17.94,12.0,1.93,8.33,4.31,8.04,5.17,0.57,8.0,3.0,0,0,3,,,,,
681393,Connor Norby,Miami Marlins,Third Base,2025,61,,48,52,29,11,1,4,66,13,0,53,3,.243,218,.294,.358,.652,2,7,.778,2,875,,,,,,,,,,,,,,,,,,,,,,78,0.92,,,,,,,,,,,,0,0,1,235.0,23.0,89.0,.329,54.50
667472,Dane Myers,Miami Marlins,Outfielder,2025,56,,41,37,20,8,0,4,40,13,0,50,2,.298,168,.355,.417,.772,4,13,.765,6,674,,,,,,,,,,,,,,,,,,,,,,70,1.11,,,,,,,,,,,,0,0,0,183.0,20.0,79.0,.371,42.00
665795,Edward Cabrera,Miami Marlins,Pitcher,2025,13,13.0,58,58,29,11,0,8,69,29,0,59,3,.245,241,.331,.390,.721,4,15,.789,5,1087,3.78,64.1,2.0,2.0,0.0,0.0,0.0,0.0,27.0,1.37,276.0,193.0,13.0,0.0,0.0,674.0,.620,3.0,0.0,3.0,0.0,94,1.00,.500,16.90,0.0,2.38,9.65,4.06,8.25,4.06,1.12,0.0,0.0,0,1,2,,,,,
676572,Eric Wagaman,Miami Marlins,First Base,2025,76,,85,77,31,19,1,5,60,17,0,73,0,.251,291,.288,.375,.663,1,2,.667,10,1183,,,,,,,,,,,,,,,,,,,,,,109,1.10,,,,,,,,,,,,0,0,4,312.0,33.0,131.0,.296,58.20
691587,Eury Pérez,Miami Marlins,Pitcher,2025,4,4.0,13,21,11,3,1,1,14,10,0,14,0,.230,61,.333,.361,.694,0,3,1.000,0,331,6.19,16.0,0.0,2.0,0.0,0.0,0.0,0.0,11.0,1.50,72.0,48.0,4.0,0.0,0.0,212.0,.640,0.0,0.0,1.0,0.0,22,0.62,.000,20.69,0.0,1.40,7.88,5.63,7.88,6.19,0.56,0.0,0.0,0,0,1,,,,,
681715,Heriberto Hernandez,Miami Marlins,Outfielder,2025,20,,8,14,9,4,0,2,17,4,0,19,0,.333,57,.371,.509,.880,0,0,.---,0,219,,,,,,,,,,,,,,,,,,,,,,29,0.57,,,,,,,,,,,,0,0,1,62.0,9.0,25.0,.436,28.50
676466,Jack Winkler,Miami Marlins,Second Base,2025,9,,4,2,1,0,0,0,4,0,0,1,0,.091,11,.091,.091,.182,0,1,1.000,0,50,,,,,,,,,,,,,,,,,,,,,,1,2.00,,,,,,,,,,,,0,0,0,11.0,0.0,4.0,.143,-.--
676083,Janson Junk,Miami Marlins,Pitcher,2025,7,2.0,32,34,13,6,1,1,26,2,0,34,0,.276,123,.283,.366,.649,0,2,1.000,2,453,3.73,31.1,2.0,0.0,1.0,1.0,0.0,0.0,13.0,1.15,128.0,94.0,7.0,0.0,0.0,327.0,.720,0.0,0.0,0.0,0.0,45,0.94,1.000,14.46,3.0,13.00,7.47,0.57,9.77,3.73,0.29,2.0,0.0,0,1,2,,,,,
691594,Javier Sanoja,Miami Marlins,Second Base,2025,63,,49,54,20,10,2,1,26,13,0,39,0,.242,161,.294,.348,.642,5,3,.375,0,647,,,,,,,,,,,,,,,,,,,,,,56,0.91,,,,,,,,,,,,0,4,3,181.0,16.0,62.0,.277,161.00
660821,Jesús Sánchez,Miami Marlins,Outfielder,2025,62,,58,56,29,9,2,7,56,23,0,54,1,.243,222,.315,.396,.711,1,8,.889,5,974,,,,,,,,,,,,,,,,,,,,,,88,1.04,,,,,,,,,,,,0,0,2,248.0,28.0,101.0,.292,31.71
592450,Aaron Judge,New York Yankees,Outfielder,2025,83,,47,58,73,19,2,30,95,56,18,110,3,.356,309,.458,.722,1.180,3,6,.667,9,1410,,,,,,,,,,,,,,,,,,,,,,223,0.81,,,,,,,,,,,,0,0,1,369.0,67.0,119.0,.432,10.30
683011,Anthony Volpe,New York Yankees,Shortstop,2025,82,,78,68,35,20,3,9,83,34,0,66,3,.228,289,.311,.412,.723,7,9,.563,5,1364,,,,,,,,,,,,,,,,,,,,,,119,1.15,,,,,,,,,,,,0,1,5,332.0,44.0,152.0,.282,32.11
669224,Austin Wells,New York Yankees,Catcher,2025,69,,45,78,26,13,1,11,64,17,0,49,5,.214,229,.275,.424,.699,1,3,.750,8,1052,,,,,,,,,,,,,,,,,,,,,,97,0.58,,,,,,,,,,,,0,0,7,258.0,45.0,114.0,.236,20.82
700250,Ben Rice,New York Yankees,First Base,2025,70,,64,59,38,12,2,14,59,25,0,55,9,.233,236,.328,.479,.807,2,3,.600,8,1019,,,,,,,,,,,,,,,,,,,,,,113,1.08,,,,,,,,,,,,1,0,1,272.0,29.0,109.0,.250,16.86
607074,Carlos Rodón,New York Yankees,Pitcher,2025,17,17.0,82,98,36,14,0,13,119,34,0,65,3,.180,362,.255,.326,.581,2,6,.750,5,1631,2.92,101.2,9.0,5.0,0.0,0.0,0.0,0.0,33.0,0.97,401.0,305.0,17.0,0.0,0.0,1025.0,.630,3.0,0.0,2.0,1.0,118,0.84,.643,16.04,0.0,3.50,10.53,3.01,5.75,3.19,1.15,0.0,0.0,0,1,1,,,,,
657376,Clarke Schmidt,New York Yankees,Pitcher,2025,13,13.0,55,93,26,9,2,8,72,28,0,52,1,.193,269,.270,.331,.601,1,6,.857,4,1171,3.09,75.2,4.0,4.0,0.0,0.0,0.0,0.0,26.0,1.06,301.0,227.0,13.0,0.0,0.0,759.0,.650,1.0,2.0,2.0,2.0,89,0.59,.500,15.48,0.0,2.57,8.56,3.33,6.19,3.09,0.95,0.0,0.0,0,1,2,,,,,
641355,Cody Bellinger,New York Yankees,Outfielder,2025,75,,59,107,40,15,3,11,47,28,1,77,1,.270,285,.332,.460,.792,2,8,.800,3,1296,,,,,,,,,,,,,,,,,,,,,,131,0.55,,,,,,,,,,,,0,0,5,319.0,42.0,133.0,.284,25.91
518934,DJ LeMahieu,New York Yankees,Second Base,2025,38,,37,18,10,3,0,2,27,12,0,27,0,.248,109,.322,.330,.652,0,0,.---,4,463,,,,,,,,,,,,,,,,,,,,,,36,2.06,,,,,,,,,,,,0,0,0,121.0,11.0,56.0,.313,54.50
642207,Devin Williams,New York Yankees,Pitcher,2025,34,0.0,25,26,18,6,0,1,38,12,0,24,4,.216,111,.313,.297,.610,1,5,.833,2,543,4.75,30.1,2.0,2.0,11.0,12.0,7.0,1.0,16.0,1.19,129.0,91.0,34.0,0.0,0.0,339.0,.620,4.0,0.0,2.0,0.0,33,0.96,.500,17.90,17.0,3.17,11.27,3.56,7.12,5.34,0.30,4.0,0.0,0,1,1,,,,,
518585,Fernando Cruz,New York Yankees,Pitcher,2025,32,0.0,17,25,13,5,0,3,54,14,0,19,2,.167,114,.267,.289,.556,0,2,1.000,3,535,3.00,33.0,2.0,3.0,2.0,3.0,9.0,1.0,11.0,1.00,131.0,99.0,32.0,0.0,0.0,322.0,.600,2.0,0.0,3.0,0.0,33,0.68,.400,16.21,4.0,3.86,14.73,3.82,5.18,3.55,0.82,17.0,1.0,0,0,1,,,,,
519317,Giancarlo Stanton,New York Yankees,Designated Hitter,2025,10,,5,10,1,1,0,0,11,4,0,8,0,.235,34,.316,.265,.581,0,0,.---,1,158,,,,,,,,,,,,,,,,,,,,,,9,0.50,,,,,,,,,,,,0,0,0,38.0,2.0,23.0,.348,-.--
641656,Ian Hamilton,New York Yankees,Pitcher,2025,25,0.0,26,26,13,1,1,2,33,18,1,19,1,.186,102,.314,.275,.589,0,0,.---,3,492,3.64,29.2,1.0,0.0,0.0,0.0,2.0,0.0,12.0,1.25,124.0,89.0,25.0,0.0,0.0,314.0,.640,1.0,0.0,2.0,0.0,28,1.00,1.000,16.58,5.0,1.83,10.01,5.46,5.76,3.94,0.61,9.0,1.0,1,2,0,,,,,
641555,J.C. Escarra,New York Yankees,Catcher,2025,32,,22,19,5,5,0,2,10,9,0,16,1,.246,65,.338,.415,.753,0,1,1.000,1,313,,,,,,,,,,,,,,,,,,,,,,27,1.16,,,,,,,,,,,,0,0,2,77.0,9.0,26.0,.255,32.50
664141,JT Brubaker,New York Yankees,Pitcher,2025,3,0.0,5,4,4,1,0,0,1,4,0,3,1,.231,13,.444,.308,.752,0,0,.---,0,78,10.80,3.1,0.0,0.0,0.0,0.0,0.0,0.0,4.0,2.10,18.0,10.0,3.0,0.0,0.0,42.0,.540,1.0,0.0,0.0,0.0,4,1.25,.---,23.40,2.0,0.25,2.70,10.80,8.10,10.80,0.00,0.0,0.0,0,0,0,,,,,
691176,Jasson Domínguez,New York Yankees,Outfielder,2025,69,,45,53,34,13,0,6,75,30,0,56,1,.249,225,.335,.387,.722,1,12,.923,4,1046,,,,,,,,,,,,,,,,,,,,,,87,0.85,,,,,,,,,,,,0,0,4,260.0,27.0,103.0,.338,37.50
676879,Aaron Ashby,Milwaukee Brewers,Pitcher,2025,9,0.0,23,4,2,2,0,1,18,4,0,13,1,.224,58,.286,.310,.596,0,0,.---,3,241,1.08,16.2,0.0,0.0,1.0,1.0,0.0,0.0,2.0,1.02,63.0,50.0,9.0,0.0,0.0,149.0,.620,1.0,0.0,3.0,0.0,18,5.75,.---,14.46,6.0,4.50,9.72,2.16,7.02,1.08,0.54,1.0,1.0,0,0,0,,,,,
682842,Abner Uribe,Milwaukee Brewers,Pitcher,2025,40,0.0,36,24,12,4,0,3,53,16,2,31,4,.218,142,.315,.310,.625,1,0,.000,3,633,2.25,40.0,2.0,1.0,1.0,2.0,23.0,1.0,10.0,1.18,164.0,120.0,40.0,0.0,0.0,415.0,.660,4.0,1.0,4.0,1.0,44,1.50,.667,15.83,3.0,3.31,11.93,3.60,6.98,2.70,0.68,8.0,4.0,0,2,0,,,,,
655316,Andruw Monasterio,Milwaukee Brewers,Shortstop,2025,21,,5,9,5,2,0,0,7,5,0,5,0,.192,26,.323,.269,.592,0,0,.---,0,135,,,,,,,,,,,,,,,,,,,,,,7,0.56,,,,,,,,,,,,0,0,0,31.0,2.0,16.0,.263,-.--
668930,Brice Turang,Milwaukee Brewers,Second Base,2025,81,,70,77,54,13,0,5,75,36,0,88,1,.289,305,.361,.380,.741,7,17,.708,2,1462,,,,,,,,,,,,,,,,,,,,,,116,0.91,,,,,,,,,,,,0,1,4,347.0,35.0,106.0,.362,61.00
702332,Caleb Durbin,Milwaukee Brewers,Third Base,2025,63,,58,81,30,11,0,4,22,13,0,52,12,.250,208,.326,.361,.687,3,6,.667,3,829,,,,,,,,,,,,,,,,,,,,,,75,0.72,,,,,,,,,,,,0,2,3,238.0,29.0,83.0,.259,52.00
694477,Chad Patrick,Milwaukee Brewers,Pitcher,2025,18,17.0,55,111,35,20,0,9,93,29,1,89,4,.258,345,.321,.394,.715,4,5,.556,6,1517,3.51,89.2,3.0,7.0,0.0,0.0,0.0,0.0,35.0,1.32,381.0,269.0,18.0,0.0,0.0,977.0,.640,4.0,0.0,0.0,1.0,136,0.50,.300,16.92,0.0,3.21,9.33,2.91,8.93,3.51,0.90,0.0,0.0,0,1,2,,,,,
592885,Christian Yelich,Milwaukee Brewers,Outfielder,2025,79,,96,40,41,11,0,16,88,32,3,79,3,.262,302,.337,.457,.794,3,12,.800,4,1366,,,,,,,,,,,,,,,,,,,,,,138,2.40,,,,,,,,,,,,0,0,1,338.0,60.0,133.0,.317,18.88
669084,DL Hall,Milwaukee Brewers,Pitcher,2025,8,2.0,16,20,5,1,0,1,10,9,0,8,0,.148,54,.270,.222,.492,0,0,.---,1,239,2.87,15.2,1.0,0.0,0.0,0.0,0.0,0.0,5.0,1.09,63.0,47.0,8.0,0.0,0.0,141.0,.590,0.0,0.0,0.0,0.0,12,0.80,1.000,15.26,1.0,1.11,5.74,5.17,4.60,2.87,0.57,2.0,1.0,0,0,0,,,,,
663662,Daz Cameron,Milwaukee Brewers,Outfielder,2025,21,,6,14,7,1,0,1,13,1,0,8,0,.195,41,.214,.293,.507,0,1,1.000,1,159,,,,,,,,,,,,,,,,,,,,,,12,0.43,,,,,,,,,,,,0,0,0,42.0,3.0,13.0,.259,41.00
606992,Eric Haase,Milwaukee Brewers,Catcher,2025,23,,11,6,7,3,0,2,22,3,0,12,0,.240,50,.283,.420,.703,0,0,.---,0,235,,,,,,,,,,,,,,,,,,,,,,21,1.83,,,,,,,,,,,,0,1,0,54.0,8.0,16.0,.385,25.00
642547,Freddy Peralta,Milwaukee Brewers,Pitcher,2025,17,17.0,76,100,31,11,0,12,98,34,0,71,5,.208,342,.289,.345,.634,1,9,.900,4,1607,2.90,93.0,8.0,4.0,0.0,0.0,0.0,0.0,30.0,1.13,385.0,279.0,17.0,0.0,0.0,979.0,.610,5.0,0.0,3.0,0.0,118,0.76,.667,17.28,0.0,2.88,9.48,3.29,6.87,3.00,1.16,0.0,0.0,1,3,0,,,,,
681982,Grant Anderson,Milwaukee Brewers,Pitcher,2025,36,0.0,34,46,18,2,0,5,45,18,1,31,0,.200,155,.282,.310,.592,2,3,.600,0,694,3.05,41.1,1.0,3.0,0.0,1.0,1.0,1.0,14.0,1.19,174.0,124.0,36.0,0.0,0.0,442.0,.640,0.0,0.0,0.0,0.0,48,0.74,.250,16.79,11.0,2.50,9.80,3.92,6.75,3.92,1.09,20.0,5.0,0,0,1,,,,,
686555,Isaac Collins,Milwaukee Brewers,Outfielder,2025,65,,39,38,26,7,1,4,45,25,0,40,2,.252,159,.358,.384,.742,3,8,.727,2,755,,,,,,,,,,,,,,,,,,,,,,61,1.03,,,,,,,,,,,,0,2,1,189.0,19.0,70.0,.324,39.75
694192,Jackson Chourio,Milwaukee Brewers,Outfielder,2025,83,,89,102,54,22,3,13,76,16,0,90,1,.254,355,.286,.442,.728,5,15,.750,10,1279,,,,,,,,,,,,,,,,,,,,,,157,0.87,,,,,,,,,,,,0,0,2,374.0,50.0,153.0,.287,27.31
694819,Jacob Misiorowski,Milwaukee Brewers,Pitcher,2025,3,3.0,12,15,2,0,0,1,19,7,0,3,0,.061,49,.179,.122,.301,0,1,1.000,2,241,1.13,16.0,3.0,0.0,0.0,0.0,0.0,0.0,2.0,0.63,56.0,48.0,3.0,0.0,0.0,159.0,.660,0.0,0.0,0.0,0.0,6,0.80,1.000,15.06,0.0,2.71,10.69,3.94,1.69,1.13,0.56,0.0,0.0,0,0,0,,,,,
669743,Alex Call,Washington Nationals,Outfielder,2025,56,,51,43,23,7,2,2,25,21,0,42,6,.275,153,.377,.386,.763,0,1,1.000,4,730,,,,,,,,,,,,,,,,,,,,,,59,1.19,,,,,,,,,,,,0,5,3,188.0,17.0,63.0,.310,76.50
642708,Amed Rosario,Washington Nationals,Third Base,2025,40,,39,33,16,7,0,4,18,5,0,33,2,.270,122,.308,.426,.734,0,1,1.000,5,428,,,,,,,,,,,,,,,,,,,,,,52,1.18,,,,,,,,,,,,0,0,1,130.0,16.0,45.0,.287,30.50
665953,Andrés Chaparro,Washington Nationals,First Base,2025,4,,4,3,0,1,0,0,3,1,0,1,0,.091,11,.167,.182,.349,0,0,.---,0,53,,,,,,,,,,,,,,,,,,,,,,2,1.33,,,,,,,,,,,,0,0,0,12.0,0.0,7.0,.125,-.--
695418,Brad Lord,Washington Nationals,Pitcher,2025,30,6.0,60,57,22,5,2,5,50,22,0,53,2,.244,217,.318,.355,.673,3,2,.400,4,954,3.28,57.2,2.0,5.0,0.0,0.0,6.0,0.0,21.0,1.30,244.0,173.0,30.0,0.0,0.0,618.0,.650,2.0,0.0,0.0,0.0,77,1.05,.286,16.54,2.0,2.27,7.80,3.43,8.27,3.43,0.78,12.0,4.0,0,2,1,,,,,
691781,Brady House,Washington Nationals,Third Base,2025,13,,13,14,2,3,0,0,14,3,0,12,0,.231,52,.268,.288,.556,0,2,1.000,2,185,,,,,,,,,,,,,,,,,,,,,,15,0.93,,,,,,,,,,,,0,0,1,56.0,5.0,18.0,.308,-.--
682928,CJ Abrams,Washington Nationals,Shortstop,2025,71,,73,77,53,18,3,12,56,21,1,82,10,.287,286,.355,.497,.852,2,17,.895,2,1167,,,,,,,,,,,,,,,,,,,,,,142,0.95,,,,,,,,,,,,0,1,1,319.0,31.0,83.0,.320,23.83
669371,Cole Henry,Washington Nationals,Pitcher,2025,29,0.0,20,34,12,4,0,5,29,16,1,19,7,.186,102,.336,.373,.709,0,6,1.000,3,481,3.45,28.2,0.0,1.0,0.0,0.0,2.0,0.0,11.0,1.22,125.0,86.0,29.0,0.0,0.0,283.0,.590,7.0,1.0,0.0,0.0,38,0.59,.000,16.78,10.0,1.81,9.10,5.02,5.97,3.77,1.57,21.0,9.0,0,0,0,,,,,
695734,Daylen Lile,Washington Nationals,Outfielder,2025,23,,21,25,12,5,1,1,14,5,0,18,1,.234,77,.286,.364,.650,4,2,.333,1,306,,,,,,,,,,,,,,,,,,,,,,28,0.84,,,,,,,,,,,,1,0,1,85.0,4.0,40.0,.270,77.00
686452,Drew Millas,Washington Nationals,Catcher,2025,2,,1,2,2,1,0,0,0,1,0,1,0,.333,3,.500,.667,1.167,0,0,.---,0,16,,,,,,,,,,,,,,,,,,,,,,2,0.50,,,,,,,,,,,,0,1,0,5.0,1.0,0.0,.333,-.--
674285,Eduardo Salazar,Washington Nationals,Pitcher,2025,27,0.0,36,20,27,9,1,6,21,15,0,45,1,.375,120,.445,.617,1.062,0,6,1.000,4,508,9.00,26.0,0.0,1.0,0.0,1.0,2.0,1.0,26.0,2.31,138.0,78.0,27.0,0.0,0.0,315.0,.620,1.0,1.0,3.0,0.0,74,1.80,.000,19.54,8.0,1.40,7.27,5.19,15.58,9.35,2.08,13.0,10.0,0,1,1,,,,,
671131,Jackson Rutledge,Washington Nationals,Pitcher,2025,27,0.0,33,37,25,5,1,8,29,14,0,39,5,.289,135,.372,.519,.891,0,0,.---,4,650,6.03,34.1,1.0,1.0,0.0,0.0,1.0,0.0,23.0,1.54,157.0,103.0,27.0,0.0,0.0,401.0,.620,5.0,0.0,5.0,1.0,70,0.89,.500,18.93,9.0,2.07,7.60,3.67,10.22,6.55,2.10,12.0,7.0,0,1,2,,,,,
696285,Jacob Young,Washington Nationals,Outfielder,2025,60,,67,36,21,7,1,0,25,15,0,41,2,.255,161,.326,.311,.637,8,9,.529,4,664,,,,,,,,,,,,,,,,,,,,,,50,1.86,,,,,,,,,,,,0,8,0,186.0,11.0,61.0,.301,-.--
663623,Jake Irvin,Washington Nationals,Pitcher,2025,17,17.0,99,121,53,21,2,19,71,30,0,99,3,.254,390,.312,.464,.776,0,5,1.000,7,1563,4.73,99.0,6.0,3.0,0.0,0.0,0.0,0.0,52.0,1.30,423.0,297.0,17.0,0.0,0.0,1023.0,.650,3.0,0.0,1.0,0.0,181,0.82,.667,15.79,0.0,2.37,6.45,2.73,9.00,4.82,1.73,0.0,0.0,0,0,0,,,,,
695578,James Wood,Washington Nationals,Outfielder,2025,84,,76,53,52,19,0,22,100,54,8,89,1,.283,315,.386,.552,.938,4,11,.733,5,1557,,,,,,,,,,,,,,,,,,,,,,174,1.43,,,,,,,,,,,,0,0,3,373.0,64.0,112.0,.342,14.32
678606,Jose A. Ferrer,Washington Nationals,Pitcher,2025,41,0.0,63,27,28,5,2,3,36,10,0,45,5,.268,168,.328,.375,.703,1,1,.500,8,676,5.28,44.1,2.0,3.0,0.0,1.0,15.0,1.0,26.0,1.24,186.0,133.0,41.0,0.0,0.0,452.0,.670,5.0,0.0,3.0,0.0,63,2.33,.400,15.25,2.0,3.60,7.31,2.03,9.14,5.68,0.61,25.0,7.0,0,3,0,,,,,
694918,Blade Tidwell,New York Mets,Pitcher,2025,3,2.0,12,12,12,1,0,2,7,8,0,18,1,.375,48,.466,.521,.987,0,2,1.000,1,229,10.13,10.2,0.0,1.0,0.0,0.0,0.0,0.0,12.0,2.44,58.0,32.0,3.0,0.0,0.0,139.0,.610,1.0,0.0,0.0,0.0,25,1.00,.000,21.47,1.0,0.88,5.91,6.75,15.19,10.13,1.69,1.0,0.0,0,0,1,,,,,
607043,Brandon Nimmo,New York Mets,Outfielder,2025,81,,82,83,37,15,0,15,62,25,1,77,3,.255,302,.316,.454,.770,1,7,.875,5,1328,,,,,,,,,,,,,,,,,,,,,,137,0.99,,,,,,,,,,,,0,0,2,332.0,43.0,142.0,.273,20.13
663399,Brandon Waddell,New York Mets,Pitcher,2025,6,0.0,15,18,4,2,1,1,10,3,0,11,0,.208,53,.246,.340,.586,0,1,1.000,1,219,2.45,14.2,0.0,0.0,0.0,0.0,1.0,0.0,4.0,0.95,57.0,44.0,6.0,0.0,0.0,142.0,.650,0.0,0.0,0.0,0.0,18,0.83,.---,14.93,1.0,3.33,6.14,1.84,6.75,2.45,0.61,2.0,0.0,0,0,1,,,,,
683146,Brett Baty,New York Mets,Third Base,2025,63,,54,43,18,7,2,8,53,13,0,44,1,.228,193,.279,.409,.688,0,3,1.000,3,852,,,,,,,,,,,,,,,,,,,,,,79,1.26,,,,,,,,,,,,1,0,1,209.0,27.0,78.0,.271,24.12
605280,Clay Holmes,New York Mets,Pitcher,2025,16,16.0,104,76,31,9,1,10,75,35,0,74,4,.228,325,.308,.354,.662,4,3,.429,6,1438,2.97,88.0,8.0,4.0,0.0,0.0,0.0,0.0,29.0,1.24,368.0,264.0,16.0,0.0,0.0,914.0,.640,4.0,1.0,5.0,0.0,115,1.37,.667,16.34,0.0,2.14,7.67,3.58,7.57,3.17,1.02,0.0,0.0,0,1,3,,,,,
656849,David Peterson,New York Mets,Pitcher,2025,16,16.0,117,75,38,20,0,6,83,34,1,88,4,.244,361,.316,.349,.665,1,1,.500,11,1493,3.30,95.1,5.0,4.0,0.0,0.0,0.0,0.0,35.0,1.28,402.0,286.0,16.0,1.0,1.0,965.0,.650,4.0,0.0,3.0,2.0,126,1.56,.556,15.66,0.0,2.44,7.84,3.21,8.31,3.59,0.57,0.0,0.0,1,2,0,,,,,
673380,Dedniel Núñez,New York Mets,Pitcher,2025,9,0.0,3,14,5,3,0,1,10,6,0,5,0,.156,32,.289,.344,.633,0,0,.---,0,167,5.00,9.0,0.0,0.0,0.0,0.0,2.0,0.0,5.0,1.22,38.0,27.0,9.0,0.0,0.0,103.0,.620,0.0,0.0,1.0,0.0,11,0.21,.---,18.56,3.0,1.67,10.00,6.00,5.00,5.00,1.00,2.0,1.0,0,0,0,,,,,
621242,Edwin Díaz,New York Mets,Pitcher,2025,32,0.0,23,23,8,2,0,2,46,12,0,18,3,.167,108,.264,.241,.505,3,7,.700,1,519,1.99,31.2,3.0,0.0,16.0,17.0,0.0,1.0,7.0,0.95,125.0,95.0,32.0,0.0,0.0,316.0,.610,3.0,0.0,5.0,0.0,26,1.00,1.000,16.39,24.0,3.83,13.07,3.41,5.12,2.27,0.57,7.0,4.0,0,0,2,,,,,
596019,Francisco Lindor,New York Mets,Shortstop,2025,83,,84,102,51,15,0,16,67,29,2,86,8,.258,333,.327,.447,.774,2,13,.867,5,1516,,,,,,,,,,,,,,,,,,,,,,149,0.82,,,,,,,,,,,,0,0,6,376.0,43.0,121.0,.273,20.81
593423,Frankie Montas,New York Mets,Pitcher,2025,2,2.0,6,10,6,2,0,2,10,4,0,10,0,.286,35,.350,.514,.864,0,1,1.000,2,166,6.00,9.0,0.0,1.0,0.0,0.0,0.0,0.0,6.0,1.56,40.0,27.0,2.0,0.0,0.0,106.0,.640,0.0,0.0,0.0,0.0,18,0.60,.000,18.44,0.0,2.50,10.00,4.00,10.00,6.00,2.00,0.0,0.0,0,0,1,,,,,
663584,Hayden Senger,New York Mets,Catcher,2025,16,,9,10,3,1,0,0,12,1,0,6,0,.162,37,.184,.189,.373,0,0,.---,1,133,,,,,,,,,,,,,,,,,,,,,,7,0.90,,,,,,,,,,,,0,0,0,38.0,0.0,14.0,.240,-.--
623211,Huascar Brazobán,New York Mets,Pitcher,2025,34,2.0,40,39,21,3,1,4,40,21,1,28,4,.197,142,.312,.317,.629,0,2,1.000,8,659,3.83,42.1,3.0,2.0,1.0,5.0,10.0,4.0,18.0,1.16,172.0,127.0,34.0,0.0,0.0,417.0,.630,4.0,0.0,1.0,0.0,45,1.03,.600,15.57,5.0,1.90,8.50,4.46,5.95,4.46,0.85,24.0,3.0,0,2,3,,,,,
643446,Jeff McNeil,New York Mets,Second Base,2025,52,,46,60,17,7,3,8,20,21,2,42,2,.255,165,.340,.479,.819,0,1,1.000,4,702,,,,,,,,,,,,,,,,,,,,,,79,0.77,,,,,,,,,,,,0,0,3,191.0,26.0,80.0,.243,20.62
676130,José Buttó,New York Mets,Pitcher,2025,31,0.0,46,37,14,8,1,2,39,20,1,35,1,.227,154,.316,.331,.647,1,2,.667,4,706,2.47,43.2,2.0,1.0,1.0,2.0,2.0,1.0,12.0,1.26,179.0,131.0,31.0,0.0,0.0,431.0,.610,1.0,1.0,2.0,1.0,51,1.24,.667,16.17,7.0,1.95,8.04,4.12,7.21,2.89,0.41,27.0,9.0,1,1,2,,,,,
665742,Juan Soto,New York Mets,Outfielder,2025,84,,94,69,61,14,0,20,62,68,5,77,1,.258,298,.394,.507,.901,1,9,.900,14,1600,,,,,,,,,,,,,,,,,,,,,,151,1.36,,,,,,,,,,,,0,0,4,371.0,47.0,138.0,.259,14.90
624428,Adam Frazier,Pittsburgh Pirates,Second Base,2025,72,,64,68,22,9,0,3,41,17,2,57,6,.252,226,.317,.332,.649,5,7,.583,8,999,,,,,,,,,,,,,,,,,,,,,,75,0.94,,,,,,,,,,,,0,1,3,253.0,21.0,71.0,.292,75.33
672744,Alexander Canario,Pittsburgh Pirates,Outfielder,2025,50,,31,32,18,5,1,3,49,14,0,32,0,.222,144,.291,.333,.624,1,2,.667,3,592,,,,,,,,,,,,,,,,,,,,,,48,0.97,,,,,,,,,,,,0,0,0,158.0,12.0,76.0,.315,48.00
571760,Andrew Heaney,Pittsburgh Pirates,Pitcher,2025,16,16.0,87,101,43,22,1,14,64,30,0,78,3,.241,324,.307,.444,.751,1,5,.833,5,1381,4.48,86.1,3.0,7.0,0.0,0.0,0.0,0.0,43.0,1.25,363.0,259.0,16.0,0.0,0.0,883.0,.640,3.0,0.0,2.0,0.0,144,0.86,.300,16.00,0.0,2.13,6.67,3.13,8.13,4.48,1.46,0.0,0.0,0,2,4,,,,,
457705,Andrew McCutchen,Pittsburgh Pirates,Outfielder,2025,74,,67,67,27,13,0,8,62,30,1,70,2,.266,263,.342,.407,.749,0,1,1.000,4,1243,,,,,,,,,,,,,,,,,,,,,,107,1.00,,,,,,,,,,,,2,0,3,300.0,31.0,107.0,.316,32.88
663559,Bailey Falter,Pittsburgh Pirates,Pitcher,2025,17,17.0,81,113,40,16,1,9,52,32,0,74,1,.236,313,.306,.380,.686,3,8,.727,12,1314,3.62,87.0,6.0,3.0,0.0,0.0,0.0,0.0,35.0,1.22,353.0,261.0,17.0,0.0,0.0,831.0,.630,1.0,0.0,3.0,2.0,119,0.72,.667,15.10,0.0,1.63,5.38,3.31,7.66,4.14,0.93,0.0,0.0,0,3,4,,,,,
677952,Braxton Ashcraft,Pittsburgh Pirates,Pitcher,2025,9,1.0,23,14,3,5,1,0,14,6,1,15,0,.227,66,.292,.333,.625,0,1,1.000,1,275,1.56,17.1,2.0,0.0,0.0,0.0,2.0,0.0,3.0,1.21,72.0,52.0,9.0,0.0,0.0,184.0,.670,0.0,0.0,0.0,0.0,22,1.64,1.000,15.87,4.0,2.33,7.27,3.12,7.79,1.56,0.00,3.0,0.0,0,0,0,,,,,
668804,Bryan Reynolds,Pittsburgh Pirates,Outfielder,2025,79,,81,71,31,16,2,10,87,29,1,74,2,.239,310,.305,.400,.705,2,3,.600,10,1365,,,,,,,,,,,,,,,,,,,,,,124,1.14,,,,,,,,,,,,0,0,3,344.0,45.0,137.0,.296,31.00
657571,Caleb Ferguson,Pittsburgh Pirates,Pitcher,2025,37,0.0,39,35,11,3,0,0,28,13,2,24,4,.195,123,.289,.220,.509,1,6,.857,3,552,2.75,36.0,2.0,0.0,0.0,3.0,9.0,3.0,11.0,1.03,143.0,108.0,37.0,0.0,0.0,357.0,.650,4.0,0.0,0.0,0.0,27,1.11,1.000,15.33,2.0,2.15,7.00,3.25,6.00,2.75,0.00,17.0,5.0,0,1,2,,,,,
669387,Carmen Mlodzinski,Pittsburgh Pirates,Pitcher,2025,14,9.0,54,59,31,13,2,7,36,16,0,66,2,.307,215,.361,.484,.845,0,2,1.000,6,897,5.08,51.1,2.0,5.0,0.0,0.0,0.0,0.0,29.0,1.60,233.0,154.0,14.0,0.0,0.0,569.0,.630,2.0,0.0,0.0,0.0,104,0.92,.286,17.47,1.0,2.25,6.31,2.81,11.57,5.44,1.23,2.0,0.0,0,0,0,,,,,
663767,Chase Shugart,Pittsburgh Pirates,Pitcher,2025,30,0.0,29,49,13,6,0,4,20,15,2,25,1,.207,121,.295,.355,.650,0,2,1.000,1,528,3.18,34.0,4.0,3.0,0.0,2.0,4.0,2.0,12.0,1.18,139.0,102.0,30.0,0.0,0.0,316.0,.600,1.0,0.0,2.0,0.0,43,0.59,.571,15.53,10.0,1.33,5.29,3.97,6.62,3.44,1.06,21.0,3.0,0,0,2,,,,,
670280,David Bednar,Pittsburgh Pirates,Pitcher,2025,32,0.0,18,24,11,2,2,2,41,8,2,24,1,.226,106,.284,.340,.624,1,4,.800,3,466,2.83,28.2,2.0,5.0,11.0,11.0,3.0,0.0,9.0,1.12,116.0,86.0,32.0,0.0,0.0,309.0,.660,1.0,0.0,3.0,0.0,36,0.75,.286,16.26,25.0,5.13,12.87,2.51,7.53,3.45,0.63,0.0,0.0,0,0,1,,,,,
650893,Génesis Cabrera,Pittsburgh Pirates,Pitcher,2025,17,0.0,13,25,12,3,0,5,17,6,0,18,1,.247,73,.313,.493,.806,2,3,.600,1,299,5.59,19.1,0.0,0.0,0.0,0.0,1.0,0.0,12.0,1.24,80.0,58.0,17.0,0.0,0.0,189.0,.630,1.0,0.0,0.0,0.0,36,0.52,.---,15.47,4.0,2.83,7.91,2.79,8.38,5.59,2.33,7.0,2.0,0,0,0,,,,,
680779,Henry Davis,Pittsburgh Pirates,Catcher,2025,38,,17,42,15,4,0,4,30,9,0,23,1,.207,111,.273,.351,.624,0,0,.---,0,473,,,,,,,,,,,,,,,,,,,,,,39,0.40,,,,,,,,,,,,2,1,0,124.0,11.0,61.0,.247,27.75
676755,Isaac Mattson,Pittsburgh Pirates,Pitcher,2025,11,0.0,8,19,3,2,0,2,16,3,0,6,0,.122,49,.173,.286,.459,0,0,.---,1,203,1.84,14.2,1.0,0.0,0.0,1.0,2.0,1.0,3.0,0.61,52.0,44.0,11.0,0.0,0.0,139.0,.680,0.0,0.0,0.0,0.0,14,0.42,1.000,13.84,1.0,5.33,9.82,1.84,3.68,1.84,1.23,7.0,0.0,0,0,0,,,,,
643396,Isiah Kiner-Falefa,Pittsburgh Pirates,Shortstop,2025,71,,86,50,23,10,2,1,41,12,0,66,4,.276,239,.320,.347,.667,3,10,.769,4,916,,,,,,,,,,,,,,,,,,,,,,83,1.72,,,,,,,,,,,,0,3,1,259.0,20.0,96.0,.328,239.00
670970,Adrian Morejon,San Diego Padres,Pitcher,2025,40,0.0,51,30,13,3,1,1,33,6,2,24,0,.179,134,.213,.239,.452,0,6,1.000,2,500,1.96,36.2,4.0,3.0,2.0,5.0,10.0,3.0,8.0,0.82,144.0,110.0,40.0,0.0,0.0,348.0,.700,0.0,0.0,2.0,0.0,32,1.70,.571,13.64,7.0,5.50,8.10,1.47,5.89,3.19,0.25,23.0,4.0,0,3,1,,,,,
663773,Bryan Hoeing,San Diego Padres,Pitcher,2025,2,0.0,3,4,0,0,0,0,2,0,0,1,0,.111,9,.100,.111,.211,0,0,.---,0,36,0.00,3.0,1.0,0.0,0.0,0.0,0.0,0.0,0.0,0.33,10.0,9.0,2.0,0.0,0.0,21.0,.580,0.0,0.0,0.0,0.0,1,0.75,1.000,12.00,0.0,-.--,6.00,0.00,3.00,0.00,0.00,4.0,1.0,0,0,1,,,,,
669369,Bryce Johnson,San Diego Padres,Outfielder,2025,10,,3,1,1,1,0,0,3,1,0,5,1,.417,12,.500,.500,1.000,0,1,1.000,0,41,,,,,,,,,,,,,,,,,,,,,,6,3.00,,,,,,,,,,,,0,0,0,14.0,1.0,2.0,.556,-.--
688158,David Morgan,San Diego Padres,Pitcher,2025,13,0.0,10,15,4,0,0,2,20,7,0,10,0,.182,55,.274,.291,.565,0,2,1.000,1,250,2.35,15.1,0.0,1.0,0.0,0.0,0.0,0.0,4.0,1.11,62.0,46.0,13.0,0.0,0.0,164.0,.660,0.0,0.0,1.0,0.0,16,0.67,.000,16.30,7.0,2.86,11.74,4.11,5.87,2.35,1.17,5.0,2.0,0,0,0,,,,,
656302,Dylan Cease,San Diego Padres,Pitcher,2025,17,17.0,65,86,49,24,0,10,117,36,1,85,3,.244,349,.317,.398,.715,2,9,.818,3,1607,4.53,91.1,3.0,7.0,0.0,0.0,0.0,0.0,46.0,1.32,393.0,274.0,17.0,0.0,0.0,1023.0,.640,3.0,0.0,2.0,0.0,139,0.76,.300,17.59,0.0,3.25,11.53,3.55,8.38,4.83,0.99,0.0,0.0,1,1,3,,,,,
553869,Elias Díaz,San Diego Padres,Catcher,2025,65,,33,53,20,6,0,4,48,15,0,36,1,.213,169,.281,.320,.601,0,0,.---,7,705,,,,,,,,,,,,,,,,,,,,,,54,0.62,,,,,,,,,,,,0,1,0,186.0,11.0,90.0,.274,42.25
665487,Fernando Tatis Jr.,San Diego Padres,Outfielder,2025,81,,91,79,58,11,1,15,61,40,3,80,4,.258,310,.349,.445,.794,2,17,.895,4,1343,,,,,,,,,,,,,,,,,,,,,,138,1.15,,,,,,,,,,,,0,0,1,355.0,37.0,96.0,.277,20.67
657757,Gavin Sheets,San Diego Padres,Outfielder,2025,80,,58,83,33,14,1,13,61,23,1,73,2,.268,272,.327,.471,.798,1,1,.500,6,1241,,,,,,,,,,,,,,,,,,,,,,128,0.70,,,,,,,,,,,,0,0,3,300.0,49.0,133.0,.299,20.92
701538,Jackson Merrill,San Diego Padres,Outfielder,2025,51,,41,56,27,12,2,5,44,16,1,58,2,.294,197,.350,.452,.802,2,1,.333,2,736,,,,,,,,,,,,,,,,,,,,,,89,0.73,,,,,,,,,,,,0,0,2,217.0,26.0,79.0,.353,39.40
630105,Jake Cronenworth,San Diego Padres,Second Base,2025,58,,42,59,24,9,1,7,45,31,0,44,3,.238,185,.351,.411,.762,1,2,.667,2,947,,,,,,,,,,,,,,,,,,,,,,76,0.71,,,,,,,,,,,,0,2,3,224.0,24.0,80.0,.272,26.43
592094,Jason Adam,San Diego Padres,Pitcher,2025,42,0.0,37,38,12,4,0,2,50,18,1,33,2,.213,155,.299,.277,.576,1,9,.900,2,703,1.69,42.2,6.0,3.0,0.0,1.0,19.0,1.0,8.0,1.20,179.0,128.0,42.0,0.0,0.0,455.0,.650,2.0,0.0,3.0,0.0,43,0.97,.667,16.48,3.0,2.78,10.55,3.80,6.96,2.53,0.42,5.0,3.0,1,1,2,,,,,
669093,Jeremiah Estrada,San Diego Padres,Pitcher,2025,40,0.0,25,34,17,4,1,5,51,14,1,31,1,.226,137,.299,.380,.679,0,0,.---,1,610,3.41,37.0,2.0,4.0,2.0,5.0,17.0,3.0,14.0,1.22,156.0,111.0,40.0,0.0,0.0,409.0,.670,1.0,0.0,2.0,0.0,52,0.74,.333,16.49,5.0,3.64,12.41,3.41,7.54,4.14,1.22,13.0,3.0,0,2,2,,,,,
578428,Jose Iglesias,San Diego Padres,Second Base,2025,58,,69,26,11,5,0,0,32,11,0,36,5,.226,159,.294,.258,.552,1,2,.667,3,734,,,,,,,,,,,,,,,,,,,,,,41,2.65,,,,,,,,,,,,0,2,2,179.0,21.0,64.0,.279,-.--
650333,Luis Arraez,San Diego Padres,First Base,2025,77,,101,124,38,17,4,4,7,15,0,89,1,.283,314,.315,.401,.716,1,3,.750,4,1193,,,,,,,,,,,,,,,,,,,,,,126,0.81,,,,,,,,,,,,0,4,3,337.0,31.0,122.0,.278,78.50
592518,Manny Machado,San Diego Padres,Third Base,2025,83,,79,91,52,20,0,13,57,32,1,93,0,.293,317,.355,.479,.834,2,8,.800,9,1369,,,,,,,,,,,,,,,,,,,,,,152,0.87,,,,,,,,,,,,0,0,3,352.0,47.0,140.0,.320,24.38
