player_id,full_name,first_name,last_name,position,position_code,jersey_number,team_id,team_name,team_abbreviation
613534,Austin Adams,,,Pitcher,1,29,133,Oakland Athletics,OAK
518397,Scott Alexander,,,Pitcher,1,54,133,Oakland Athletics,OAK
669397,Nick Allen,,,Shortstop,6,10,133,Oakland Athletics,OAK
669137,Armando Alvarez,,,Third Base,5,50,133,Oakland Athletics,OAK
609280,Miguel Andujar,,,Outfielder,7,22,133,Oakland Athletics,OAK
669620,Brady Basso,,,Pitcher,1,66,133,Oakland Athletics,OAK
674370,Osvaldo Bido,,,Pitcher,1,45,133,Oakland Athletics,OAK
656232,Brandon Bielak,,,Pitcher,1,62,133,Oakland Athletics,OAK
621112,Paul Blackburn,,,Pitcher,1,58,133,Oakland Athletics,OAK
668709,JJ Bleday,,,Outfielder,8,33,133,Oakland Athletics,OAK
671212,Joe Boyle,,,Pitcher,1,35,133,Oakland Athletics,OAK
605156,Aaron Brooks,,,Pitcher,1,53,133,Oakland Athletics,OAK
664913,Seth Brown,,,Outfielder,7,15,133,Oakland Athletics,OAK
671732,Lawrence Butler,,,Outfielder,9,4,133,Oakland Athletics,OAK
663662,Daz Cameron,,,Outfielder,7,28,133,Oakland Athletics,OAK
605204,J.D. Davis,,,First Base,3,5,133,Oakland Athletics,OAK
649557,Aledmys Díaz,,,First Base,3,6,133,Oakland Athletics,OAK
668674,Lucas Erceg,,,Pitcher,1,70,133,Oakland Athletics,OAK
683155,Joey Estes,,,Pitcher,1,68,133,Oakland Athletics,OAK
621053,Tyler Ferguson,,,Pitcher,1,65,133,Oakland Athletics,OAK
680869,Zack Gelof,,,Second Base,4,20,133,Oakland Athletics,OAK
669372,J.T. Ginn,,,Pitcher,1,70,133,Oakland Athletics,OAK
656484,Tristan Gray,,,Third Base,5,16,133,Oakland Athletics,OAK
695391,Brett Harris,,,Third Base,5,77,133,Oakland Athletics,OAK
663687,Hogan Harris,,,Pitcher,1,63,133,Oakland Athletics,OAK
687231,Darell Hernaiz,,,Third Base,5,2,133,Oakland Athletics,OAK
680880,Grant Holman,,,Pitcher,1,67,133,Oakland Athletics,OAK
666204,Dany Jiménez,,,Pitcher,1,56,133,Oakland Athletics,OAK
676083,Janson Junk,,,Pitcher,1,60,133,Oakland Athletics,OAK
547184,Michael Kelly,,,Pitcher,1,47,133,Oakland Athletics,OAK
694361,Will Klein,,,Pitcher,1,64,133,Oakland Athletics,OAK
669127,Shea Langeliers,,,Catcher,2,23,133,Oakland Athletics,OAK
687922,Easton Lucas,,,Pitcher,1,67,133,Oakland Athletics,OAK
668832,Kyle McCann,,,Catcher,2,52,133,Oakland Athletics,OAK
519008,T.J. McFarland,,,Pitcher,1,48,133,Oakland Athletics,OAK
665622,Luis Medina,,,Pitcher,1,46,133,Oakland Athletics,OAK
695243,Mason Miller,,,Pitcher,1,19,133,Oakland Athletics,OAK
666205,Kyle Muller,,,Pitcher,1,39,133,Oakland Athletics,OAK
663527,Tyler Nevin,,,First Base,3,26,133,Oakland Athletics,OAK
656794,Sean Newcomb,,,Pitcher,1,16,133,Oakland Athletics,OAK
657697,Vinny Nittoli,,,Pitcher,1,64,133,Oakland Athletics,OAK
676116,Ryan Noda,,,First Base,3,49,133,Oakland Athletics,OAK
672552,Jack O'Loughlin,,,Pitcher,1,37,133,Oakland Athletics,OAK
671305,Michel Otañez,,,Pitcher,1,47,133,Oakland Athletics,OAK
622103,Gerardo Reyes,,,Pitcher,1,92,133,Oakland Athletics,OAK
667670,Brent Rooker,,,Outfielder,7,25,133,Oakland Athletics,OAK
665923,Esteury Ruiz,,,Outfielder,7,1,133,Oakland Athletics,OAK
680474,Max Schuemann,,,Shortstop,6,12,133,Oakland Athletics,OAK
676664,JP Sears,,,Pitcher,1,38,133,Oakland Athletics,OAK
691016,Tyler Soderstrom,,,First Base,3,21,133,Oakland Athletics,OAK
687765,Mitch Spence,,,Pitcher,1,40,133,Oakland Athletics,OAK
548389,Ross Stripling,,,Pitcher,1,36,133,Oakland Athletics,OAK
647351,Abraham Toro,,,Third Base,5,31,133,Oakland Athletics,OAK
805779,Jacob Wilson,,,Shortstop,6,5,133,Oakland Athletics,OAK
622072,Alex Wood,,,Pitcher,1,57,133,Oakland Athletics,OAK
678225,Ji Hwan Bae,,,Outfielder,8,3,134,Pittsburgh Pirates,PIT
663698,Joey Bart,,,Catcher,2,14,134,Pittsburgh Pirates,PIT
670280,David Bednar,,,Pitcher,1,51,134,Pittsburgh Pirates,PIT
656222,Jalen Beeks,,,Pitcher,1,68,134,Pittsburgh Pirates,PIT
621366,Ryan Borucki,,,Pitcher,1,43,134,Pittsburgh Pirates,PIT
677865,Justin Bruihl,,,Pitcher,1,56,134,Pittsburgh Pirates,PIT
681347,Mike Burrows,,,Pitcher,1,53,134,Pittsburgh Pirates,PIT
547973,Aroldis Chapman,,,Pitcher,1,45,134,Pittsburgh Pirates,PIT
672710,Roansy Contreras,,,Pitcher,1,59,134,Pittsburgh Pirates,PIT
695257,Billy Cook,,,First Base,3,25,134,Pittsburgh Pirates,PIT
665833,Oneil Cruz,,,Outfield,O,15,134,Pittsburgh Pirates,PIT
680779,Henry Davis,,,Catcher,2,32,134,Pittsburgh Pirates,PIT
650559,Bryan De La Cruz,,,Outfielder,7,41,134,Pittsburgh Pirates,PIT
641511,Jason Delay,,,Catcher,2,55,134,Pittsburgh Pirates,PIT
663559,Bailey Falter,,,Pitcher,1,6,134,Pittsburgh Pirates,PIT
621399,Brady Feigl,,,Pitcher,1,52,134,Pittsburgh Pirates,PIT
676596,Josh Fleming,,,Pitcher,1,28,134,Pittsburgh Pirates,PIT
593334,Domingo Germán,,,Pitcher,1,0,134,Pittsburgh Pirates,PIT
594835,Marco Gonzales,,,Pitcher,1,27,134,Pittsburgh Pirates,PIT
693304,Nick Gonzales,,,Second Base,4,39,134,Pittsburgh Pirates,PIT
518735,Yasmani Grandal,,,Catcher,2,6,134,Pittsburgh Pirates,PIT
663647,Ke'Bryan Hayes,,,Third Base,5,13,134,Pittsburgh Pirates,PIT
621294,Ben Heller,,,Pitcher,1,61,134,Pittsburgh Pirates,PIT
669796,Jose E. Hernandez,,,Pitcher,1,61,134,Pittsburgh Pirates,PIT
670059,Colin Holderman,,,Pitcher,1,35,134,Pittsburgh Pirates,PIT
641703,Brent Honeywell,,,Pitcher,1,34,134,Pittsburgh Pirates,PIT
641726,Daulton Jefferies,,,Pitcher,1,59,134,Pittsburgh Pirates,PIT
656582,Connor Joe,,,First Base,3,2,134,Pittsburgh Pirates,PIT
683003,Jared Jones,,,Pitcher,1,37,134,Pittsburgh Pirates,PIT
656605,Mitch Keller,,,Pitcher,1,23,134,Pittsburgh Pirates,PIT
643396,Isiah Kiner-Falefa,,,Second Base,4,7,134,Pittsburgh Pirates,PIT
667428,Grant Koch,,,Catcher,2,56,134,Pittsburgh Pirates,PIT
676755,Isaac Mattson,,,Pitcher,1,64,134,Pittsburgh Pirates,PIT
457705,Andrew McCutchen,,,Outfielder,9,22,134,Pittsburgh Pirates,PIT
641856,Billy McKinney,,,Outfielder,7,29,134,Pittsburgh Pirates,PIT
669387,Carmen Mlodzinski,,,Pitcher,1,50,134,Pittsburgh Pirates,PIT
693312,Kyle Nicolas,,,Pitcher,1,66,134,Pittsburgh Pirates,PIT
658668,Edward Olivares,,,Outfielder,9,38,134,Pittsburgh Pirates,PIT
682847,Luis L. Ortiz,,,Pitcher,1,48,134,Pittsburgh Pirates,PIT
641943,Joshua Palacios,,,Outfielder,9,77,134,Pittsburgh Pirates,PIT
678894,Liover Peguero,,,Shortstop,6,31,134,Pittsburgh Pirates,PIT
527048,Martín Pérez,,,Pitcher,1,54,134,Pittsburgh Pirates,PIT
682990,Quinn Priester,,,Pitcher,1,46,134,Pittsburgh Pirates,PIT
668804,Bryan Reynolds,,,Outfielder,7,10,134,Pittsburgh Pirates,PIT
656924,Ryder Ryan,,,Pitcher,1,72,134,Pittsburgh Pirates,PIT
642701,Dennis Santana,,,Pitcher,1,60,134,Pittsburgh Pirates,PIT
694973,Paul Skenes,,,Pitcher,1,30,134,Pittsburgh Pirates,PIT
676702,Hunter Stratton,,,Pitcher,1,63,134,Pittsburgh Pirates,PIT
669261,Jack Suwinski,,,Outfielder,8,65,134,Pittsburgh Pirates,PIT
572191,Michael A. Taylor,,,Outfielder,8,18,134,Pittsburgh Pirates,PIT
642133,Rowdy Tellez,,,First Base,3,44,134,Pittsburgh Pirates,PIT
669707,Jared Triolo,,,Third Base,5,19,134,Pittsburgh Pirates,PIT
666214,Joey Wentz,,,Pitcher,1,34,134,Pittsburgh Pirates,PIT
675961,Alika Williams,,,Second Base,4,25,134,Pittsburgh Pirates,PIT
663765,Jake Woodford,,,Pitcher,1,46,134,Pittsburgh Pirates,PIT
694377,Nick Yorke,,,Second Base,4,38,134,Pittsburgh Pirates,PIT
592094,Jason Adam,,,Pitcher,1,40,135,San Diego Padres,SD
605113,Nick Ahmed,,,Shortstop,6,16,135,San Diego Padres,SD
650333,Luis Arraez,,,First Base,3,4,135,San Diego Padres,SD
658648,Pedro Avila,,,Pitcher,1,60,135,San Diego Padres,SD
640492,José Azocar,,,Outfielder,7,28,135,San Diego Padres,SD
676946,Matthew Batten,,,Second Base,4,17,135,San Diego Padres,SD
593428,Xander Bogaerts,,,Second Base,4,2,135,San Diego Padres,SD
666745,Jhony Brito,,,Pitcher,1,76,135,San Diego Padres,SD
669134,Luis Campusano,,,Catcher,2,12,135,San Diego Padres,SD
656302,Dylan Cease,,,Pitcher,1,84,135,San Diego Padres,SD
676680,Tom Cosgrove,,,Pitcher,1,59,135,San Diego Padres,SD
630105,Jake Cronenworth,,,First Base,3,9,135,San Diego Padres,SD
506433,Yu Darvish,,,Pitcher,1,11,135,San Diego Padres,SD
656354,Austin Davis,,,Pitcher,1,,135,San Diego Padres,SD
660853,Enyel De Los Santos,,,Pitcher,1,62,135,San Diego Padres,SD
553869,Elias Díaz,,,Catcher,2,15,135,San Diego Padres,SD
605218,Carl Edwards Jr.,,,Pitcher,1,,135,San Diego Padres,SD
669093,Jeremiah Estrada,,,Pitcher,1,56,135,San Diego Padres,SD
670810,Logan Gillaspie,,,Pitcher,1,71,135,San Diego Padres,SD
543309,Kyle Higashioka,,,Catcher,2,20,135,San Diego Padres,SD
663773,Bryan Hoeing,,,Pitcher,1,78,135,San Diego Padres,SD
689690,Alek Jacob,,,Pitcher,1,37,135,San Diego Padres,SD
669369,Bryce Johnson,,,Outfielder,9,27,135,San Diego Padres,SD
673490,Ha-Seong Kim,,,Shortstop,6,7,135,San Diego Padres,SD
650633,Michael King,,,Pitcher,1,34,135,San Diego Padres,SD
663568,Stephen Kolek,,,Pitcher,1,32,135,San Diego Padres,SD
663604,Brandon Lockridge,,,Outfielder,9,28,135,San Diego Padres,SD
592518,Manny Machado,,,Third Base,5,13,135,San Diego Padres,SD
673513,Yuki Matsui,,,Pitcher,1,1,135,San Diego Padres,SD
800049,Adam Mazur,,,Pitcher,1,36,135,San Diego Padres,SD
669200,Mason McCoy,,,Shortstop,6,18,135,San Diego Padres,SD
701538,Jackson Merrill,,,Outfielder,8,3,135,San Diego Padres,SD
670970,Adrian Morejon,,,Pitcher,1,50,135,San Diego Padres,SD
605397,Joe Musgrove,,,Pitcher,1,44,135,San Diego Padres,SD
688363,Graham Pauley,,,Third Base,5,22,135,San Diego Padres,SD
444482,David Peralta,,,Outfielder,9,24,135,San Diego Padres,SD
593974,Wandy Peralta,,,Pitcher,1,58,135,San Diego Padres,SD
527048,Martín Pérez,,,Pitcher,1,54,135,San Diego Padres,SD
595777,Jurickson Profar,,,Outfielder,7,10,135,San Diego Padres,SD
669308,Sean Reynolds,,,Pitcher,1,25,135,San Diego Padres,SD
666703,Eguy Rosario,,,Third Base,5,5,135,San Diego Padres,SD
656945,Tanner Scott,,,Pitcher,1,66,135,San Diego Padres,SD
456781,Donovan Solano,,,Third Base,5,39,135,San Diego Padres,SD
663158,Robert Suarez,,,Pitcher,1,75,135,San Diego Padres,SD
664954,Brett Sullivan,,,Catcher,2,29,135,San Diego Padres,SD
665487,Fernando Tatis Jr.,,,Outfielder,9,23,135,San Diego Padres,SD
681190,Randy Vásquez,,,Pitcher,1,98,135,San Diego Padres,SD
642180,Tyler Wade,,,Third Base,5,14,135,San Diego Padres,SD
663362,Matt Waldron,,,Pitcher,1,61,135,San Diego Padres,SD
668227,Randy Arozarena,,,Outfielder,7,56,136,Seattle Mariners,SEA
657508,Mike Baumann,,,Pitcher,1,53,136,Seattle Mariners,SEA
660825,Eduard Bazardo,,,Pitcher,1,83,136,Seattle Mariners,SEA
669208,Ryan Bliss,,,Second Base,4,1,136,Seattle Mariners,SEA
675989,Cody Bolton,,,Pitcher,1,67,136,Seattle Mariners,SEA
621199,Matt Bowman,,,Pitcher,1,,136,Seattle Mariners,SEA
686527,Dominic Canzone,,,Outfielder,9,8,136,Seattle Mariners,SEA
622491,Luis Castillo,,,Pitcher,1,58,136,Seattle Mariners,SEA
608638,JT Chargois,,,Pitcher,1,84,136,Seattle Mariners,SEA
682729,Jonatan Clase,,,Outfielder,7,5,136,Seattle Mariners,SEA
641487,J.P. Crawford,,,Shortstop,6,3,136,Seattle Mariners,SEA
646242,Jhonathan Díaz,,,Pitcher,1,74,136,Seattle Mariners,SEA
664034,Ty France,,,First Base,3,23,136,Seattle Mariners,SEA
554340,Yimi García,,,Pitcher,1,93,136,Seattle Mariners,SEA
641598,Mitch Garver,,,Catcher,2,18,136,Seattle Mariners,SEA
669302,Logan Gilbert,,,Pitcher,1,36,136,Seattle Mariners,SEA
664059,Sam Haggerty,,,Outfielder,7,0,136,Seattle Mariners,SEA
676106,Emerson Hancock,,,Pitcher,1,62,136,Seattle Mariners,SEA
571745,Mitch Haniger,,,Outfielder,9,17,136,Seattle Mariners,SEA
642546,Jonathan Hernández,,,Pitcher,1,72,136,Seattle Mariners,SEA
669923,George Kirby,,,Pitcher,1,68,136,Seattle Mariners,SEA
682988,Tyler Locklear,,,First Base,3,27,136,Seattle Mariners,SEA
687799,Cade Marlowe,,,Outfielder,7,5,136,Seattle Mariners,SEA
682243,Bryce Miller,,,Pitcher,1,50,136,Seattle Mariners,SEA
668338,Tyson Miller,,,Pitcher,1,49,136,Seattle Mariners,SEA
664238,Dylan Moore,,,Shortstop,6,25,136,Seattle Mariners,SEA
662253,Andrés Muñoz,,,Pitcher,1,75,136,Seattle Mariners,SEA
593871,Jorge Polanco,,,Second Base,4,7,136,Seattle Mariners,SEA
663728,Cal Raleigh,,,Catcher,2,29,136,Seattle Mariners,SEA
670042,Luke Raley,,,Outfielder,7,20,136,Seattle Mariners,SEA
660844,Leo Rivas,,,Shortstop,6,76,136,Seattle Mariners,SEA
645302,Victor Robles,,,Outfielder,8,10,136,Seattle Mariners,SEA
677594,Julio Rodríguez,,,Outfielder,8,44,136,Seattle Mariners,SEA
668942,Josh Rojas,,,Third Base,5,4,136,Seattle Mariners,SEA
666619,Gregory Santos,,,Pitcher,1,48,136,Seattle Mariners,SEA
642048,Tayler Saucedo,,,Pitcher,1,60,136,Seattle Mariners,SEA
669912,Kirby Snead,,,Pitcher,1,43,136,Seattle Mariners,SEA
676092,Collin Snider,,,Pitcher,1,52,136,Seattle Mariners,SEA
642100,Gabe Speier,,,Pitcher,1,55,136,Seattle Mariners,SEA
592773,Ryne Stanek,,,Pitcher,1,45,136,Seattle Mariners,SEA
669392,Samad Taylor,,,Second Base,4,12,136,Seattle Mariners,SEA
700187,Troy Taylor,,,Pitcher,1,59,136,Seattle Mariners,SEA
663423,Trent Thornton,,,Pitcher,1,46,136,Seattle Mariners,SEA
457759,Justin Turner,,,First Base,3,2,136,Seattle Mariners,SEA
649966,Luis Urías,,,Third Base,5,23,136,Seattle Mariners,SEA
613564,Jason Vosler,,,First Base,3,35,136,Seattle Mariners,SEA
608723,Austin Voth,,,Pitcher,1,30,136,Seattle Mariners,SEA
693433,Bryan Woo,,,Pitcher,1,22,136,Seattle Mariners,SEA
664874,Seby Zavala,,,Catcher,2,33,136,Seattle Mariners,SEA
676969,Brett de Geus,,,Pitcher,1,59,136,Seattle Mariners,SEA
605113,Nick Ahmed,,,Shortstop,6,16,137,San Francisco Giants,SF
687014,Nick Avila,,,Pitcher,1,58,137,San Francisco Giants,SF
672275,Patrick Bailey,,,Catcher,2,14,137,San Francisco Giants,SF
657508,Mike Baumann,,,Pitcher,1,54,137,San Francisco Giants,SF
663941,Tristan Beck,,,Pitcher,1,43,137,San Francisco Giants,SF
806185,Hayden Birdsong,,,Pitcher,1,60,137,San Francisco Giants,SF
702352,Spencer Bivens,,,Pitcher,1,76,137,San Francisco Giants,SF
696131,Mason Black,,,Pitcher,1,47,137,San Francisco Giants,SF
670092,Trenton Brooks,,,First Base,3,61,137,San Francisco Giants,SF
670103,Raymond Burgos,,,Pitcher,1,78,137,San Francisco Giants,SF
592192,Mark Canha,,,First Base,3,16,137,San Francisco Giants,SF
592200,Curt Casali,,,Catcher,2,2,137,San Francisco Giants,SF
656305,Matt Chapman,,,Third Base,5,26,137,San Francisco Giants,SF
624424,Michael Conforto,,,Outfielder,7,8,137,San Francisco Giants,SF
666808,Camilo Doval,,,Pitcher,1,75,137,San Francisco Giants,SF
666464,Jerar Encarnacion,,,Outfielder,9,59,137,San Francisco Giants,SF
642731,Thairo Estrada,,,Second Base,4,39,137,San Francisco Giants,SF
666149,Tyler Fitzgerald,,,Shortstop,6,49,137,San Francisco Giants,SF
527038,Wilmer Flores,,,First Base,3,41,137,San Francisco Giants,SF
690986,Kyle Harrison,,,Pitcher,1,45,137,San Francisco Giants,SF
663855,Jordan Hicks,,,Pitcher,1,12,137,San Francisco Giants,SF
656537,Derek Hill,,,Outfielder,9,48,137,San Francisco Giants,SF
663546,Sean Hjelle,,,Pitcher,1,64,137,San Francisco Giants,SF
675921,Spencer Howard,,,Pitcher,1,,137,San Francisco Giants,SF
592426,Luke Jackson,,,Pitcher,1,77,137,San Francisco Giants,SF
641726,Daulton Jefferies,,,Pitcher,1,56,137,San Francisco Giants,SF
595284,Andrew Knapp,,,Catcher,2,34,137,San Francisco Giants,SF
808982,Jung Hoo Lee,,,Outfielder,8,51,137,San Francisco Giants,SF
682617,Marco Luciano,,,Outfield,O,37,137,San Francisco Giants,SF
682641,Luis Matos,,,Outfielder,8,29,137,San Francisco Giants,SF
687529,Grant McCray,,,Outfielder,8,58,137,San Francisco Giants,SF
686790,Trevor McDonald,,,Pitcher,1,72,137,San Francisco Giants,SF
663630,Ryan McKenna,,,Outfielder,9,34,137,San Francisco Giants,SF
669062,Erik Miller,,,Pitcher,1,68,137,San Francisco Giants,SF
608596,Tom Murphy,,,Catcher,2,19,137,San Francisco Giants,SF
671218,Heliot Ramos,,,Outfielder,8,17,137,San Francisco Giants,SF
592662,Robbie Ray,,,Pitcher,1,23,137,San Francisco Giants,SF
656883,Jakson Reetz,,,Catcher,2,50,137,San Francisco Giants,SF
678495,Randy Rodríguez,,,Pitcher,1,73,137,San Francisco Giants,SF
573124,Taylor Rogers,,,Pitcher,1,33,137,San Francisco Giants,SF
643511,Tyler Rogers,,,Pitcher,1,71,137,San Francisco Giants,SF
694738,Landen Roupp,,,Pitcher,1,65,137,San Francisco Giants,SF
666165,Blake Sabol,,,Catcher,2,21,137,San Francisco Giants,SF
669477,Casey Schmitt,,,Second Base,4,10,137,San Francisco Giants,SF
596103,Austin Slater,,,Outfielder,9,13,137,San Francisco Giants,SF
605483,Blake Snell,,,Pitcher,1,7,137,San Francisco Giants,SF
624585,Jorge Soler,,,Designated Hitter,10,2,137,San Francisco Giants,SF
678906,Kai-Wei Teng,,,Pitcher,1,70,137,San Francisco Giants,SF
681584,David Villar,,,Second Base,4,32,137,San Francisco Giants,SF
664774,LaMonte Wade Jr.,,,First Base,3,31,137,San Francisco Giants,SF
676254,Ryan Walker,,,Pitcher,1,74,137,San Francisco Giants,SF
622268,Donovan Walton,,,Second Base,4,18,137,San Francisco Giants,SF
681810,Austin Warren,,,Pitcher,1,57,137,San Francisco Giants,SF
657277,Logan Webb,,,Pitcher,1,62,137,San Francisco Giants,SF
669952,Mitch White,,,Pitcher,1,54,137,San Francisco Giants,SF
676775,Keaton Winn,,,Pitcher,1,67,137,San Francisco Giants,SF
689172,Brett Wisely,,,Second Base,4,0,137,San Francisco Giants,SF
573262,Mike Yastrzemski,,,Outfielder,9,5,137,San Francisco Giants,SF
571448,Nolan Arenado,,,Third Base,5,28,138,St. Louis Cardinals,STL
542888,Shawn Armstrong,,,Pitcher,1,30,138,St. Louis Cardinals,STL
663609,Luken Baker,,,First Base,3,26,138,St. Louis Cardinals,STL
676475,Alec Burleson,,,First Base,3,41,138,St. Louis Cardinals,STL
666185,Dylan Carlson,,,Outfielder,9,3,138,St. Louis Cardinals,STL
572761,Matt Carpenter,,,Designated Hitter,10,13,138,St. Louis Cardinals,STL
575929,Willson Contreras,,,First Base,3,40,138,St. Louis Cardinals,STL
543063,Brandon Crawford,,,Shortstop,6,35,138,St. Louis Cardinals,STL
680977,Brendan Donovan,,,Infield,I,33,138,St. Louis Cardinals,STL
607200,Erick Fedde,,,Pitcher,1,12,138,St. Louis Cardinals,STL
665877,José Fermín,,,Second Base,4,15,138,St. Louis Cardinals,STL
681676,Ryan Fernandez,,,Pitcher,1,64,138,St. Louis Cardinals,STL
606149,Giovanny Gallegos,,,Pitcher,1,65,138,St. Louis Cardinals,STL
502043,Kyle Gibson,,,Pitcher,1,44,138,St. Louis Cardinals,STL
502671,Paul Goldschmidt,,,First Base,3,46,138,St. Louis Cardinals,STL
669357,Nolan Gorman,,,Second Base,4,16,138,St. Louis Cardinals,STL
700669,Gordon Graceffo,,,Pitcher,1,44,138,St. Louis Cardinals,STL
543243,Sonny Gray,,,Pitcher,1,54,138,St. Louis Cardinals,STL
664854,Ryan Helsley,,,Pitcher,1,56,138,St. Louis Cardinals,STL
671056,Iván Herrera,,,Catcher,2,48,138,St. Louis Cardinals,STL
667463,John King,,,Pitcher,1,47,138,St. Louis Cardinals,STL
552640,Andrew Kittredge,,,Pitcher,1,27,138,St. Louis Cardinals,STL
680572,Adam Kloffenstein,,,Pitcher,1,66,138,St. Louis Cardinals,STL
681517,Kyle Leahy,,,Pitcher,1,62,138,St. Louis Cardinals,STL
669461,Matthew Liberatore,,,Pitcher,1,52,138,St. Louis Cardinals,STL
702795,Ryan Loutos,,,Pitcher,1,68,138,St. Louis Cardinals,STL
458681,Lance Lynn,,,Pitcher,1,31,138,St. Louis Cardinals,STL
571927,Steven Matz,,,Pitcher,1,32,138,St. Louis Cardinals,STL
700241,Michael McGreevy,,,Pitcher,1,36,138,St. Louis Cardinals,STL
571945,Miles Mikolas,,,Pitcher,1,39,138,St. Louis Cardinals,STL
663457,Lars Nootbaar,,,Outfielder,9,21,138,St. Louis Cardinals,STL
676617,Riley O'Brien,,,Pitcher,1,55,138,St. Louis Cardinals,STL
686780,Pedro Pagés,,,Catcher,2,43,138,St. Louis Cardinals,STL
669467,Andre Pallante,,,Pitcher,1,53,138,St. Louis Cardinals,STL
502054,Tommy Pham,,,Outfielder,7,29,138,St. Louis Cardinals,STL
687798,Nick Robertson,,,Pitcher,1,29,138,St. Louis Cardinals,STL
668941,JoJo Romero,,,Pitcher,1,59,138,St. Louis Cardinals,STL
688297,Chris Roycroft,,,Pitcher,1,58,138,St. Louis Cardinals,STL
695336,Thomas Saggese,,,Second Base,4,25,138,St. Louis Cardinals,STL
687363,Victor Scott II,,,Outfielder,8,11,138,St. Louis Cardinals,STL
672279,Michael Siani,,,Outfielder,8,63,138,St. Louis Cardinals,STL
668868,Zack Thompson,,,Pitcher,1,57,138,St. Louis Cardinals,STL
691023,Jordan Walker,,,Outfielder,9,18,138,St. Louis Cardinals,STL
691026,Masyn Winn,,,Shortstop,6,0,138,St. Louis Cardinals,STL
592094,Jason Adam,,,Pitcher,1,47,139,Tampa Bay Rays,TB
641302,Tyler Alexander,,,Pitcher,1,14,139,Tampa Bay Rays,TB
666018,Jonathan Aranda,,,First Base,3,62,139,Tampa Bay Rays,TB
542888,Shawn Armstrong,,,Pitcher,1,64,139,Tampa Bay Rays,TB
668227,Randy Arozarena,,,Outfielder,7,56,139,Tampa Bay Rays,TB
669358,Shane Baz,,,Pitcher,1,11,139,Tampa Bay Rays,TB
685801,Hunter Bigge,,,Pitcher,1,43,139,Tampa Bay Rays,TB
671737,Taj Bradley,,,Pitcher,1,45,139,Tampa Bay Rays,TB
542963,Rob Brantly,,,Catcher,2,19,139,Tampa Bay Rays,TB
676609,José Caballero,,,Shortstop,6,7,139,Tampa Bay Rays,TB
691406,Junior Caminero,,,Third Base,5,13,139,Tampa Bay Rays,TB
666185,Dylan Carlson,,,Outfielder,7,10,139,Tampa Bay Rays,TB
650644,Aaron Civale,,,Pitcher,1,34,139,Tampa Bay Rays,TB
664076,Garrett Cleavinger,,,Pitcher,1,60,139,Tampa Bay Rays,TB
676356,Jonny DeLuca,,,Outfielder,9,21,139,Tampa Bay Rays,TB
606965,Chris Devenski,,,Pitcher,1,48,139,Tampa Bay Rays,TB
650490,Yandy Díaz,,,First Base,3,2,139,Tampa Bay Rays,TB
686482,Logan Driscoll,,,Catcher,2,22,139,Tampa Bay Rays,TB
621107,Zach Eflin,,,Pitcher,1,24,139,Tampa Bay Rays,TB
664126,Pete Fairbanks,,,Pitcher,1,29,139,Tampa Bay Rays,TB
592348,Niko Goodrum,,,Shortstop,6,0,139,Tampa Bay Rays,TB
656577,Alex Jackson,,,Catcher,2,28,139,Tampa Bay Rays,TB
687330,Kevin Kelly,,,Pitcher,1,49,139,Tampa Bay Rays,TB
669270,Joel Kuhnel,,,Pitcher,1,67,139,Tampa Bay Rays,TB
641793,Zack Littell,,,Pitcher,1,52,139,Tampa Bay Rays,TB
682052,Jacob Lopez,,,Pitcher,1,74,139,Tampa Bay Rays,TB
663992,Richard Lovelady,,,Pitcher,1,55,139,Tampa Bay Rays,TB
664040,Brandon Lowe,,,Second Base,4,8,139,Tampa Bay Rays,TB
666139,Josh Lowe,,,Outfielder,9,15,139,Tampa Bay Rays,TB
664208,Phil Maton,,,Pitcher,1,88,139,Tampa Bay Rays,TB
678554,Curtis Mead,,,Second Base,4,25,139,Tampa Bay Rays,TB
670224,Kameron Misner,,,Outfielder,7,26,139,Tampa Bay Rays,TB
682254,Mason Montgomery,,,Pitcher,1,48,139,Tampa Bay Rays,TB
666624,Christopher Morel,,,Third Base,5,24,139,Tampa Bay Rays,TB
680700,Richie Palacios,,,Second Base,4,1,139,Tampa Bay Rays,TB
670623,Isaac Paredes,,,Third Base,5,17,139,Tampa Bay Rays,TB
686752,Ryan Pepiot,,,Pitcher,1,44,139,Tampa Bay Rays,TB
650907,René Pinto,,,Catcher,2,50,139,Tampa Bay Rays,TB
621363,Colin Poche,,,Pitcher,1,38,139,Tampa Bay Rays,TB
541640,Erasmo Ramírez,,,Pitcher,1,61,139,Tampa Bay Rays,TB
623912,Harold Ramírez,,,Outfielder,9,43,139,Tampa Bay Rays,TB
656876,Drew Rasmussen,,,Pitcher,1,57,139,Tampa Bay Rays,TB
655889,Manuel Rodríguez,,,Pitcher,1,39,139,Tampa Bay Rays,TB
666163,Ben Rortvedt,,,Catcher,2,30,139,Tampa Bay Rays,TB
642708,Amed Rosario,,,Outfielder,9,10,139,Tampa Bay Rays,TB
668853,Austin Shenton,,,First Base,3,54,139,Tampa Bay Rays,TB
642350,Jose Siri,,,Outfielder,8,22,139,Tampa Bay Rays,TB
605488,Jeffrey Springs,,,Pitcher,1,59,139,Tampa Bay Rays,TB
686993,Justin Sterner,,,Pitcher,1,28,139,Tampa Bay Rays,TB
642121,Cole Sulser,,,Pitcher,1,71,139,Tampa Bay Rays,TB
670955,Edwin Uceta,,,Pitcher,1,63,139,Tampa Bay Rays,TB
621097,Jacob Waguespack,,,Pitcher,1,40,139,Tampa Bay Rays,TB
670764,Taylor Walls,,,Shortstop,6,6,139,Tampa Bay Rays,TB
676604,Tyler Zuber,,,Pitcher,1,53,139,Tampa Bay Rays,TB
502624,Chase Anderson,,,Pitcher,1,45,140,Texas Rangers,TEX
681982,Grant Anderson,,,Pitcher,1,65,140,Texas Rangers,TEX
641312,Shaun Anderson,,,Pitcher,1,52,140,Texas Rangers,TEX
674003,Cody Bradford,,,Pitcher,1,61,140,Texas Rangers,TEX
656271,Brock Burke,,,Pitcher,1,46,140,Texas Rangers,TEX
694497,Evan Carter,,,Outfielder,7,32,140,Texas Rangers,TEX
605177,Andrew Chafin,,,Pitcher,1,59,140,Texas Rangers,TEX
687847,Marc Church,,,Pitcher,1,68,140,Texas Rangers,TEX
622110,Matt Duffy,,,Third Base,5,9,140,Texas Rangers,TEX
641540,Dane Dunning,,,Pitcher,1,33,140,Texas Rangers,TEX
677649,Ezequiel Duran,,,Third Base,5,20,140,Texas Rangers,TEX
543135,Nathan Eovaldi,,,Pitcher,1,17,140,Texas Rangers,TEX
660758,Sandro Fabian,,,Outfield,O,40,140,Texas Rangers,TEX
670036,Matt Festa,,,Pitcher,1,63,140,Texas Rangers,TEX
679822,Justin Foscue,,,First Base,3,56,140,Texas Rangers,TEX
642520,Gerson Garabito,,,Pitcher,1,58,140,Texas Rangers,TEX
666969,Adolis García,,,Outfielder,9,53,140,Texas Rangers,TEX
592351,Jon Gray,,,Pitcher,1,22,140,Texas Rangers,TEX
543257,Robbie Grossman,,,Outfielder,9,4,140,Texas Rangers,TEX
687957,Dustin Harris,,,Outfielder,8,38,140,Texas Rangers,TEX
571760,Andrew Heaney,,,Pitcher,1,44,140,Texas Rangers,TEX
641680,Jonah Heim,,,Catcher,2,28,140,Texas Rangers,TEX
642546,Jonathan Hernández,,,Pitcher,1,72,140,Texas Rangers,TEX
656537,Derek Hill,,,Outfielder,9,40,140,Texas Rangers,TEX
669087,Sam Huff,,,Catcher,2,55,140,Texas Rangers,TEX
608671,Travis Jankowski,,,Outfielder,9,16,140,Texas Rangers,TEX
673962,Josh Jung,,,Third Base,5,6,140,Texas Rangers,TEX
608348,Carson Kelly,,,Catcher,2,18,140,Texas Rangers,TEX
668800,Andrew Knizner,,,Catcher,2,12,140,Texas Rangers,TEX
694671,Wyatt Langford,,,Outfielder,7,36,140,Texas Rangers,TEX
656641,Jacob Latz,,,Pitcher,1,67,140,Texas Rangers,TEX
600917,José Leclerc,,,Pitcher,1,25,140,Texas Rangers,TEX
683004,Jack Leiter,,,Pitcher,1,35,140,Texas Rangers,TEX
547179,Michael Lorenzen,,,Pitcher,1,23,140,Texas Rangers,TEX
663993,Nathaniel Lowe,,,First Base,3,30,140,Texas Rangers,TEX
641816,Tyler Mahle,,,Pitcher,1,51,140,Texas Rangers,TEX
680716,Jonathan Ornelas,,,Third Base,5,21,140,Texas Rangers,TEX
679156,Walter Pennington,,,Pitcher,1,52,140,Texas Rangers,TEX
643493,Austin Pruitt,,,Pitcher,1,49,140,Texas Rangers,TEX
642016,Daniel Robert,,,Pitcher,1,57,140,Texas Rangers,TEX
502085,David Robertson,,,Pitcher,1,37,140,Texas Rangers,TEX
677958,Kumar Rocker,,,Pitcher,1,80,140,Texas Rangers,TEX
666720,Yerry Rodríguez,,,Pitcher,1,57,140,Texas Rangers,TEX
622250,Josh Sborz,,,Pitcher,1,66,140,Texas Rangers,TEX
453286,Max Scherzer,,,Pitcher,1,31,140,Texas Rangers,TEX
608369,Corey Seager,,,Shortstop,6,5,140,Texas Rangers,TEX
543760,Marcus Semien,,,Second Base,4,2,140,Texas Rangers,TEX
669701,Josh Smith,,,Third Base,5,8,140,Texas Rangers,TEX
665750,Leody Taveras,,,Outfielder,8,3,140,Texas Rangers,TEX
622786,Jesus Tinoco,,,Pitcher,1,59,140,Texas Rangers,TEX
570632,José Ureña,,,Pitcher,1,54,140,Texas Rangers,TEX
665120,Jared Walsh,,,First Base,3,21,140,Texas Rangers,TEX
673995,Davis Wendzel,,,Third Base,5,38,140,Texas Rangers,TEX
669391,Owen White,,,Pitcher,1,43,140,Texas Rangers,TEX
668390,Cole Winn,,,Pitcher,1,60,140,Texas Rangers,TEX
489446,Kirby Yates,,,Pitcher,1,39,140,Texas Rangers,TEX
594798,Jacob deGrom,,,Pitcher,1,48,140,Texas Rangers,TEX
680718,Addison Barger,,,Third Base,5,47,141,Toronto Blue Jays,TOR
605135,Chris Bassitt,,,Pitcher,1,40,141,Toronto Blue Jays,TOR
621244,José Berríos,,,Pitcher,1,17,141,Toronto Blue Jays,TOR
672642,Steward Berroa,,,Outfielder,9,37,141,Toronto Blue Jays,TOR
666182,Bo Bichette,,,Shortstop,6,11,141,Toronto Blue Jays,TOR
624415,Cavan Biggio,,,Second Base,4,8,141,Toronto Blue Jays,TOR
621114,Ryan Burr,,,Pitcher,1,43,141,Toronto Blue Jays,TOR
650893,Génesis Cabrera,,,Pitcher,1,92,141,Toronto Blue Jays,TOR
682729,Jonatan Clase,,,Outfielder,7,8,141,Toronto Blue Jays,TOR
676391,Ernie Clement,,,Third Base,5,28,141,Toronto Blue Jays,TOR
621016,Jose Cuas,,,Pitcher,1,74,141,Toronto Blue Jays,TOR
665782,Luis De Los Santos,,,Third Base,5,20,141,Toronto Blue Jays,TOR
685126,Brandon Eisert,,,Pitcher,1,60,141,Toronto Blue Jays,TOR
502179,Paolo Espino,,,Pitcher,1,52,141,Toronto Blue Jays,TOR
670102,Bowden Francis,,,Pitcher,1,44,141,Toronto Blue Jays,TOR
666818,Luis Frías,,,Pitcher,1,63,141,Toronto Blue Jays,TOR
554340,Yimi García,,,Pitcher,1,93,141,Toronto Blue Jays,TOR
592332,Kevin Gausman,,,Pitcher,1,34,141,Toronto Blue Jays,TOR
643338,Chad Green,,,Pitcher,1,57,141,Toronto Blue Jays,TOR
665489,Vladimir Guerrero Jr.,,,First Base,3,27,141,Toronto Blue Jays,TOR
623168,Tyler Heineman,,,Catcher,2,55,141,Toronto Blue Jays,TOR
687462,Spencer Horwitz,,,First Base,3,48,141,Toronto Blue Jays,TOR
643376,Danny Jansen,,,Catcher,2,9,141,Toronto Blue Jays,TOR
677870,Leo Jiménez,,,Shortstop,6,49,141,Toronto Blue Jays,TOR
595281,Kevin Kiermaier,,,Outfielder,8,39,141,Toronto Blue Jays,TOR
579328,Yusei Kikuchi,,,Pitcher,1,16,141,Toronto Blue Jays,TOR
643396,Isiah Kiner-Falefa,,,Third Base,5,7,141,Toronto Blue Jays,TOR
672386,Alejandro Kirk,,,Catcher,2,30,141,Toronto Blue Jays,TOR
663893,Brendon Little,,,Pitcher,1,54,141,Toronto Blue Jays,TOR
694388,Joey Loperfido,,,Outfielder,7,9,141,Toronto Blue Jays,TOR
687922,Easton Lucas,,,Pitcher,1,62,141,Toronto Blue Jays,TOR
664770,Nathan Lukes,,,Outfielder,7,38,141,Toronto Blue Jays,TOR
666201,Alek Manoah,,,Pitcher,1,6,141,Toronto Blue Jays,TOR
682619,Orelvis Martinez,,,Second Base,4,13,141,Toronto Blue Jays,TOR
641835,Tim Mayza,,,Pitcher,1,58,141,Toronto Blue Jays,TOR
667297,Tommy Nance,,,Pitcher,1,45,141,Toronto Blue Jays,TOR
641149,Wes Parsons,,,Pitcher,1,46,141,Toronto Blue Jays,TOR
663878,Nate Pearson,,,Pitcher,1,24,141,Toronto Blue Jays,TOR
647315,Zach Pop,,,Pitcher,1,56,141,Toronto Blue Jays,TOR
670950,Trevor Richards,,,Pitcher,1,33,141,Toronto Blue Jays,TOR
687798,Nick Robertson,,,Pitcher,1,52,141,Toronto Blue Jays,TOR
684320,Yariel Rodríguez,,,Pitcher,1,29,141,Toronto Blue Jays,TOR
666720,Yerry Rodríguez,,,Pitcher,1,58,141,Toronto Blue Jays,TOR
605447,Jordan Romano,,,Pitcher,1,68,141,Toronto Blue Jays,TOR
676914,Davis Schneider,,,Outfielder,7,36,141,Toronto Blue Jays,TOR
661531,Brian Serven,,,Catcher,2,15,141,Toronto Blue Jays,TOR
543807,George Springer,,,Outfielder,9,4,141,Toronto Blue Jays,TOR
657024,Erik Swanson,,,Pitcher,1,50,141,Toronto Blue Jays,TOR
622253,Dillon Tate,,,Pitcher,1,33,141,Toronto Blue Jays,TOR
457759,Justin Turner,,,First Base,3,2,141,Toronto Blue Jays,TOR
662139,Daulton Varsho,,,Outfielder,8,25,141,Toronto Blue Jays,TOR
596129,Daniel Vogelbach,,,Designated Hitter,10,20,141,Toronto Blue Jays,TOR
695238,Will Wagner,,,Second Base,4,7,141,Toronto Blue Jays,TOR
669952,Mitch White,,,Pitcher,1,45,141,Toronto Blue Jays,TOR
642232,Ryan Yarbrough,,,Pitcher,1,35,141,Toronto Blue Jays,TOR
676969,Brett de Geus,,,Pitcher,1,31,141,Toronto Blue Jays,TOR
660896,Jorge Alcala,,,Pitcher,1,66,142,Minnesota Twins,MIN
656240,Scott Blewett,,,Pitcher,1,60,142,Minnesota Twins,MIN
676961,Caleb Boushley,,,Pitcher,1,,142,Minnesota Twins,MIN
621199,Matt Bowman,,,Pitcher,1,,142,Minnesota Twins,MIN
621439,Byron Buxton,,,Outfielder,8,25,142,Minnesota Twins,MIN
665856,Jair Camargo,,,Catcher,2,77,142,Minnesota Twins,MIN
660636,Diego Castillo,,,Shortstop,6,39,142,Minnesota Twins,MIN
650895,Diego Castillo,,,Pitcher,1,62,142,Minnesota Twins,MIN
650489,Willi Castro,,,Shortstop,6,50,142,Minnesota Twins,MIN
621043,Carlos Correa,,,Shortstop,6,4,142,Minnesota Twins,MIN
677976,Randy Dobnak,,,Pitcher,1,68,142,Minnesota Twins,MIN
650960,Daniel Duarte,,,Pitcher,1,54,142,Minnesota Twins,MIN
661395,Jhoan Duran,,,Pitcher,1,59,142,Minnesota Twins,MIN
571657,Kyle Farmer,,,Second Base,4,12,142,Minnesota Twins,MIN
701581,David Festa,,,Pitcher,1,58,142,Minnesota Twins,MIN
681892,Kody Funderburk,,,Pitcher,1,55,142,Minnesota Twins,MIN
687396,Brent Headrick,,,Pitcher,1,53,142,Minnesota Twins,MIN
680737,Michael Helman,,,Outfielder,8,92,142,Minnesota Twins,MIN
678692,Ronny Henriquez,,,Pitcher,1,31,142,Minnesota Twins,MIN
608344,Cole Irvin,,,Pitcher,1,24,142,Minnesota Twins,MIN
543351,Jay Jackson,,,Pitcher,1,32,142,Minnesota Twins,MIN
643377,Griffin Jax,,,Pitcher,1,22,142,Minnesota Twins,MIN
680777,Ryan Jeffers,,,Catcher,2,27,142,Minnesota Twins,MIN
666397,Edouard Julien,,,Second Base,4,47,142,Minnesota Twins,MIN
680577,DaShawn Keirsey Jr.,,,Outfielder,8,21,142,Minnesota Twins,MIN
596146,Max Kepler,,,Outfielder,9,26,142,Minnesota Twins,MIN
666135,Alex Kirilloff,,,Outfielder,7,19,142,Minnesota Twins,MIN
663616,Trevor Larnach,,,Outfielder,7,9,142,Minnesota Twins,MIN
686797,Brooks Lee,,,Shortstop,6,2,142,Minnesota Twins,MIN
668904,Royce Lewis,,,Third Base,5,23,142,Minnesota Twins,MIN
641154,Pablo López,,,Pitcher,1,49,142,Minnesota Twins,MIN
622534,Manuel Margot,,,Outfielder,7,13,142,Minnesota Twins,MIN
668885,Austin Martin,,,Outfielder,8,82,142,Minnesota Twins,MIN
805673,Zebby Matthews,,,Pitcher,1,52,142,Minnesota Twins,MIN
669304,Jose Miranda,,,Third Base,5,64,142,Minnesota Twins,MIN
641927,Bailey Ober,,,Pitcher,1,17,142,Minnesota Twins,MIN
595345,Steven Okert,,,Pitcher,1,16,142,Minnesota Twins,MIN
663978,Chris Paddack,,,Pitcher,1,20,142,Minnesota Twins,MIN
670950,Trevor Richards,,,Pitcher,1,32,142,Minnesota Twins,MIN
657746,Joe Ryan,,,Pitcher,1,41,142,Minnesota Twins,MIN
663485,Cole Sands,,,Pitcher,1,44,142,Minnesota Twins,MIN
467793,Carlos Santana,,,First Base,3,30,142,Minnesota Twins,MIN
622251,Josh Staumont,,,Pitcher,1,63,142,Minnesota Twins,MIN
592779,Brock Stewart,,,Pitcher,1,61,142,Minnesota Twins,MIN
573204,Caleb Thielbar,,,Pitcher,1,56,142,Minnesota Twins,MIN
543859,Michael Tonkin,,,Pitcher,1,39,142,Minnesota Twins,MIN
623437,Justin Topa,,,Pitcher,1,48,142,Minnesota Twins,MIN
686973,Louis Varland,,,Pitcher,1,37,142,Minnesota Twins,MIN
543877,Christian Vázquez,,,Catcher,2,8,142,Minnesota Twins,MIN
670242,Matt Wallner,,,Outfielder,9,38,142,Minnesota Twins,MIN
680739,Josh Winder,,,Pitcher,1,74,142,Minnesota Twins,MIN
680573,Simeon Woods Richardson,,,Pitcher,1,24,142,Minnesota Twins,MIN
663465,Kolby Allard,,,Pitcher,1,49,143,Philadelphia Phillies,PHI
621237,José Alvarado,,,Pitcher,1,46,143,Philadelphia Phillies,PHI
621383,Tanner Banks,,,Pitcher,1,58,143,Philadelphia Phillies,PHI
664761,Alec Bohm,,,Third Base,5,28,143,Philadelphia Phillies,PHI
641401,Connor Brogdon,,,Pitcher,1,75,143,Philadelphia Phillies,PHI
592206,Nick Castellanos,,,Outfielder,9,8,143,Philadelphia Phillies,PHI
665019,Kody Clemens,,,First Base,3,2,143,Philadelphia Phillies,PHI
621311,David Dahl,,,Outfielder,7,,143,Philadelphia Phillies,PHI
622554,Seranthony Domínguez,,,Pitcher,1,58,143,Philadelphia Phillies,PHI
608032,Carlos Estévez,,,Pitcher,1,53,143,Philadelphia Phillies,PHI
605244,Aramis Garcia,,,Catcher,2,41,143,Philadelphia Phillies,PHI
656457,Tyler Gilbert,,,Pitcher,1,40,143,Philadelphia Phillies,PHI
547180,Bryce Harper,,,First Base,3,3,143,Philadelphia Phillies,PHI
669720,Austin Hays,,,Outfielder,7,9,143,Philadelphia Phillies,PHI
656546,Jeff Hoffman,,,Pitcher,1,23,143,Philadelphia Phillies,PHI
686751,Seth Johnson,,,Pitcher,1,51,143,Philadelphia Phillies,PHI
671083,Buddy Kennedy,,,Second Base,4,19,143,Philadelphia Phillies,PHI
689147,Orion Kerkering,,,Pitcher,1,50,143,Philadelphia Phillies,PHI
676661,Max Lazar,,,Pitcher,1,60,143,Philadelphia Phillies,PHI
665561,Rafael Marchán,,,Catcher,2,13,143,Philadelphia Phillies,PHI
669016,Brandon Marsh,,,Outfielder,7,16,143,Philadelphia Phillies,PHI
628708,Yunior Marte,,,Pitcher,1,43,143,Philadelphia Phillies,PHI
675650,Michael Mercado,,,Pitcher,1,63,143,Philadelphia Phillies,PHI
593160,Whit Merrifield,,,Outfielder,7,9,143,Philadelphia Phillies,PHI
656793,Nick Nelson,,,Pitcher,1,57,143,Philadelphia Phillies,PHI
605400,Aaron Nola,,,Pitcher,1,27,143,Philadelphia Phillies,PHI
656814,Luis F. Ortiz,,,Pitcher,1,56,143,Philadelphia Phillies,PHI
665506,Cristian Pache,,,Outfielder,8,19,143,Philadelphia Phillies,PHI
663969,Tyler Phillips,,,Pitcher,1,48,143,Philadelphia Phillies,PHI
620982,Ricardo Pinto,,,Pitcher,1,51,143,Philadelphia Phillies,PHI
592663,J.T. Realmuto,,,Catcher,2,10,143,Philadelphia Phillies,PHI
679032,Johan Rojas,,,Outfielder,8,23,143,Philadelphia Phillies,PHI
614179,José Ruiz,,,Pitcher,1,66,143,Philadelphia Phillies,PHI
650911,Cristopher Sánchez,,,Pitcher,1,61,143,Philadelphia Phillies,PHI
656941,Kyle Schwarber,,,Designated Hitter,10,12,143,Philadelphia Phillies,PHI
624641,Edmundo Sosa,,,Shortstop,6,33,143,Philadelphia Phillies,PHI
642397,Gregory Soto,,,Pitcher,1,30,143,Philadelphia Phillies,PHI
670276,Cal Stevenson,,,Outfielder,8,47,143,Philadelphia Phillies,PHI
681082,Bryson Stott,,,Second Base,4,5,143,Philadelphia Phillies,PHI
621381,Matt Strahm,,,Pitcher,1,25,143,Philadelphia Phillies,PHI
596117,Garrett Stubbs,,,Catcher,2,21,143,Philadelphia Phillies,PHI
624133,Ranger Suárez,,,Pitcher,1,55,143,Philadelphia Phillies,PHI
605513,Spencer Turnbull,,,Pitcher,1,22,143,Philadelphia Phillies,PHI
607208,Trea Turner,,,Shortstop,6,7,143,Philadelphia Phillies,PHI
592836,Taijuan Walker,,,Pitcher,1,99,143,Philadelphia Phillies,PHI
554430,Zack Wheeler,,,Pitcher,1,45,143,Philadelphia Phillies,PHI
642215,Weston Wilson,,,Outfielder,7,37,143,Philadelphia Phillies,PHI
660670,Ronald Acuña Jr.,,,Outfielder,9,13,144,Atlanta Braves,ATL
645277,Ozzie Albies,,,Second Base,4,1,144,Atlanta Braves,ATL
805373,Nacho Alvarez Jr.,,,Shortstop,6,17,144,Atlanta Braves,ATL
605119,Brian Anderson,,,Outfielder,9,,144,Atlanta Braves,ATL
606115,Orlando Arcia,,,Shortstop,6,11,144,Atlanta Braves,ATL
624415,Cavan Biggio,,,Second Base,4,8,144,Atlanta Braves,ATL
605154,John Brebbia,,,Pitcher,1,59,144,Atlanta Braves,ATL
607481,Aaron Bummer,,,Pitcher,1,49,144,Atlanta Braves,ATL
445926,Jesse Chavez,,,Pitcher,1,60,144,Atlanta Braves,ATL
689266,Dylan Dodd,,,Pitcher,1,46,144,Atlanta Braves,ATL
670161,Parker Dunshee,,,Pitcher,1,74,144,Atlanta Braves,ATL
594807,Adam Duvall,,,Outfielder,9,14,144,Atlanta Braves,ATL
693821,Bryce Elder,,,Pitcher,1,55,144,Atlanta Braves,ATL
664058,David Fletcher,,,Second Base,4,22,144,Atlanta Braves,ATL
608331,Max Fried,,,Pitcher,1,54,144,Atlanta Braves,ATL
641645,Luis Guillorme,,,Second Base,4,15,144,Atlanta Braves,ATL
671739,Michael Harris II,,,Outfielder,8,23,144,Atlanta Braves,ATL
623474,Jimmy Herget,,,Pitcher,1,64,144,Atlanta Braves,ATL
678226,Daysbel Hernández,,,Pitcher,1,62,144,Atlanta Braves,ATL
656550,Grant Holmes,,,Pitcher,1,66,144,Atlanta Braves,ATL
628452,Raisel Iglesias,,,Pitcher,1,26,144,Atlanta Braves,ATL
592426,Luke Jackson,,,Pitcher,1,22,144,Atlanta Braves,ATL
641729,Joe Jiménez,,,Pitcher,1,77,144,Atlanta Braves,ATL
572955,Pierce Johnson,,,Pitcher,1,38,144,Atlanta Braves,ATL
672284,Jarred Kelenic,,,Outfielder,7,24,144,Atlanta Braves,ATL
678061,Ray Kerr,,,Pitcher,1,58,144,Atlanta Braves,ATL
657656,Ramón Laureano,,,Outfielder,9,18,144,Atlanta Braves,ATL
669276,Dylan Lee,,,Pitcher,1,52,144,Atlanta Braves,ATL
625643,Reynaldo López,,,Pitcher,1,40,144,Atlanta Braves,ATL
679881,J.P. Martínez,,,Outfielder,9,63,144,Atlanta Braves,ATL
554431,Tyler Matzek,,,Pitcher,1,,144,Atlanta Braves,ATL
593160,Whit Merrifield,,,Second Base,4,15,144,Atlanta Braves,ATL
621345,A.J. Minter,,,Pitcher,1,33,144,Atlanta Braves,ATL
450203,Charlie Morton,,,Pitcher,1,50,144,Atlanta Braves,ATL
669221,Sean Murphy,,,Catcher,2,12,144,Atlanta Braves,ATL
621566,Matt Olson,,,First Base,3,28,144,Atlanta Braves,ATL
542303,Marcell Ozuna,,,Designated Hitter,10,20,144,Atlanta Braves,ATL
663586,Austin Riley,,,Third Base,5,27,144,Atlanta Braves,ATL
592696,Eddie Rosario,,,Outfielder,7,8,144,Atlanta Braves,ATL
519242,Chris Sale,,,Pitcher,1,51,144,Atlanta Braves,ATL
680885,Spencer Schwellenbach,,,Pitcher,1,56,144,Atlanta Braves,ATL
670097,Zack Short,,,Third Base,5,59,144,Atlanta Braves,ATL
700363,AJ Smith-Shawver,,,Pitcher,1,32,144,Atlanta Braves,ATL
624585,Jorge Soler,,,Outfielder,9,2,144,Atlanta Braves,ATL
623451,Jackson Stephens,,,Pitcher,1,,144,Atlanta Braves,ATL
675911,Spencer Strider,,,Pitcher,1,99,144,Atlanta Braves,ATL
644433,Chadwick Tromp,,,Catcher,2,45,144,Atlanta Braves,ATL
570482,Gio Urshela,,,Third Base,5,9,144,Atlanta Braves,ATL
670241,Darius Vines,,,Pitcher,1,61,144,Atlanta Braves,ATL
694462,Hurston Waldrep,,,Pitcher,1,30,144,Atlanta Braves,ATL
657088,Forrest Wall,,,Outfielder,8,37,144,Atlanta Braves,ATL
642201,Eli White,,,Outfielder,7,36,144,Atlanta Braves,ATL
663897,Luke Williams,,,Outfielder,7,65,144,Atlanta Braves,ATL
642216,Allan Winans,,,Pitcher,1,72,144,Atlanta Braves,ATL
518595,Travis d'Arnaud,,,Catcher,2,16,144,Atlanta Braves,ATL
676070,Jacob Amaya,,,Shortstop,6,18,145,Chicago White Sox,CWS
605121,Justin Anderson,,,Pitcher,1,60,145,Chicago White Sox,CWS
681460,Brooks Baldwin,,,Second Base,4,27,145,Chicago White Sox,CWS
621383,Tanner Banks,,,Pitcher,1,57,145,Chicago White Sox,CWS
643217,Andrew Benintendi,,,Outfielder,7,23,145,Chicago White Sox,CWS
672860,Prelander Berroa,,,Pitcher,1,66,145,Chicago White Sox,CWS
605154,John Brebbia,,,Pitcher,1,59,145,Chicago White Sox,CWS
680732,Sean Burke,,,Pitcher,1,59,145,Chicago White Sox,CWS
681066,Ky Bush,,,Pitcher,1,57,145,Chicago White Sox,CWS
686563,Jonathan Cannon,,,Pitcher,1,48,145,Chicago White Sox,CWS
605182,Mike Clevinger,,,Pitcher,1,52,145,Chicago White Sox,CWS
693049,Oscar Colás,,,Outfielder,9,22,145,Chicago White Sox,CWS
676979,Garrett Crochet,,,Pitcher,1,45,145,Chicago White Sox,CWS
660853,Enyel De Los Santos,,,Pitcher,1,62,145,Chicago White Sox,CWS
657557,Paul DeJong,,,Shortstop,6,29,145,Chicago White Sox,CWS
671109,Jake Eder,,,Pitcher,1,46,145,Chicago White Sox,CWS
686642,Fraser Ellard,,,Pitcher,1,61,145,Chicago White Sox,CWS
668752,Duke Ellis,,,Outfielder,8,27,145,Chicago White Sox,CWS
607200,Erick Fedde,,,Pitcher,1,20,145,Chicago White Sox,CWS
666150,Dominic Fletcher,,,Outfielder,9,7,145,Chicago White Sox,CWS
623167,Chris Flexen,,,Pitcher,1,77,145,Chicago White Sox,CWS
641582,Matt Foster,,,Pitcher,1,63,145,Chicago White Sox,CWS
665620,Deivi García,,,Pitcher,1,64,145,Chicago White Sox,CWS
543257,Robbie Grossman,,,Outfielder,9,30,145,Chicago White Sox,CWS
657612,Tim Hill,,,Pitcher,1,54,145,Chicago White Sox,CWS
683568,Jairo Iriarte,,,Pitcher,1,52,145,Chicago White Sox,CWS
650391,Eloy Jiménez,,,Designated Hitter,10,74,145,Chicago White Sox,CWS
667452,Corey Julks,,,Outfielder,7,30,145,Chicago White Sox,CWS
641745,Brad Keller,,,Pitcher,1,46,145,Chicago White Sox,CWS
656629,Michael Kopech,,,Pitcher,1,34,145,Chicago White Sox,CWS
641771,Chad Kuhl,,,Pitcher,1,41,145,Chicago White Sox,CWS
673929,Jordan Leasure,,,Pitcher,1,49,145,Chicago White Sox,CWS
686676,Korey Lee,,,Catcher,2,26,145,Chicago White Sox,CWS
608678,Dominic Leone,,,Pitcher,1,55,145,Chicago White Sox,CWS
670032,Nicky Lopez,,,Second Base,4,8,145,Chicago White Sox,CWS
455117,Martín Maldonado,,,Catcher,2,15,145,Chicago White Sox,CWS
663436,Davis Martin,,,Pitcher,1,65,145,Chicago White Sox,CWS
664901,Danny Mendick,,,Third Base,5,0,145,Chicago White Sox,CWS
660162,Yoán Moncada,,,Third Base,5,10,145,Chicago White Sox,CWS
680897,Nick Nastrini,,,Pitcher,1,43,145,Chicago White Sox,CWS
542364,Rafael Ortega,,,Outfielder,8,27,145,Chicago White Sox,CWS
671111,Sammy Peralta,,,Pitcher,1,67,145,Chicago White Sox,CWS
502054,Tommy Pham,,,Outfielder,8,28,145,Chicago White Sox,CWS
607680,Kevin Pillar,,,Outfielder,9,12,145,Chicago White Sox,CWS
682868,Bryan Ramos,,,Third Base,5,44,145,Chicago White Sox,CWS
621545,Zach Remillard,,,Second Base,4,1,145,Chicago White Sox,CWS
673357,Luis Robert Jr.,,,Outfielder,8,88,145,Chicago White Sox,CWS
642020,Chuckie Robinson,,,Catcher,2,47,145,Chicago White Sox,CWS
669222,Nick Senzel,,,Third Base,5,15,145,Chicago White Sox,CWS
543766,Bryan Shaw,,,Pitcher,1,27,145,Chicago White Sox,CWS
657757,Gavin Sheets,,,First Base,3,32,145,Chicago White Sox,CWS
669699,Braden Shewmake,,,Shortstop,6,17,145,Chicago White Sox,CWS
694363,Jared Shuster,,,Pitcher,1,51,145,Chicago White Sox,CWS
647336,Michael Soroka,,,Pitcher,1,40,145,Chicago White Sox,CWS
672820,Lenyn Sosa,,,Third Base,5,50,145,Chicago White Sox,CWS
689672,Drew Thorpe,,,Pitcher,1,33,145,Chicago White Sox,CWS
657053,Touki Toussaint,,,Pitcher,1,54,145,Chicago White Sox,CWS
678246,Miguel Vargas,,,Third Base,5,20,145,Chicago White Sox,CWS
681402,Gus Varland,,,Pitcher,1,37,145,Chicago White Sox,CWS
683734,Andrew Vaughn,,,First Base,3,25,145,Chicago White Sox,CWS
621051,Steven Wilson,,,Pitcher,1,36,145,Chicago White Sox,CWS
663765,Jake Woodford,,,Pitcher,1,46,145,Chicago White Sox,CWS
641312,Shaun Anderson,,,Pitcher,1,48,146,Miami Marlins,MIA
641313,Tim Anderson,,,Shortstop,6,7,146,Miami Marlins,MIA
542882,Matt Andriese,,,Pitcher,1,34,146,Miami Marlins,MIA
650333,Luis Arraez,,,Second Base,4,3,146,Miami Marlins,MIA
669199,Lake Bachar,,,Pitcher,1,84,146,Miami Marlins,MIA
657508,Mike Baumann,,,Pitcher,1,55,146,Miami Marlins,MIA
605137,Josh Bell,,,First Base,3,9,146,Miami Marlins,MIA
678368,Valente Bellozo,,,Pitcher,1,83,146,Miami Marlins,MIA
669622,Anthony Bender,,,Pitcher,1,37,146,Miami Marlins,MIA
642834,Jonathan Bermúdez,,,Pitcher,1,73,146,Miami Marlins,MIA
542194,Christian Bethancourt,,,Catcher,2,25,146,Miami Marlins,MIA
623211,Huascar Brazobán,,,Pitcher,1,31,146,Miami Marlins,MIA
681146,Jonah Bride,,,First Base,3,41,146,Miami Marlins,MIA
660644,Vidal Bruján,,,Shortstop,6,17,146,Miami Marlins,MIA
669394,Jake Burger,,,Third Base,5,36,146,Miami Marlins,MIA
665795,Edward Cabrera,,,Pitcher,1,27,146,Miami Marlins,MIA
608638,JT Chargois,,,Pitcher,1,84,146,Miami Marlins,MIA
630023,Yonny Chirinos,,,Pitcher,1,26,146,Miami Marlins,MIA
665862,Jazz Chisholm Jr.,,,Outfielder,8,2,146,Miami Marlins,MIA
665052,Griffin Conine,,,Outfielder,9,56,146,Miami Marlins,MIA
686539,Declan Cronin,,,Pitcher,1,51,146,Miami Marlins,MIA
675540,Xzavion Curry,,,Pitcher,1,49,146,Miami Marlins,MIA
650559,Bryan De La Cruz,,,Outfielder,7,14,146,Miami Marlins,MIA
672701,José Devers,,,Shortstop,6,79,146,Miami Marlins,MIA
669364,Xavier Edwards,,,Shortstop,6,9,146,Miami Marlins,MIA
592288,Kent Emanuel,,,Pitcher,1,74,146,Miami Marlins,MIA
676534,Calvin Faucher,,,Pitcher,1,53,146,Miami Marlins,MIA
663743,Nick Fortes,,,Catcher,2,4,146,Miami Marlins,MIA
541645,Avisaíl García,,,Outfielder,9,24,146,Miami Marlins,MIA
666129,Braxton Garrett,,,Pitcher,1,29,146,Miami Marlins,MIA
624503,Nick Gordon,,,Outfielder,7,1,146,Miami Marlins,MIA
656484,Tristan Gray,,,Third Base,5,59,146,Miami Marlins,MIA
661269,Vladimir Gutierrez,,,Pitcher,1,92,146,Miami Marlins,MIA
682073,David Hensley,,,Outfielder,7,25,146,Miami Marlins,MIA
656537,Derek Hill,,,Outfielder,8,3,146,Miami Marlins,MIA
663773,Bryan Hoeing,,,Pitcher,1,78,146,Miami Marlins,MIA
685116,Austin Kitchen,,,Pitcher,1,91,146,Miami Marlins,MIA
672640,Otto Lopez,,,Second Base,4,61,146,Miami Marlins,MIA
666200,Jesús Luzardo,,,Pitcher,1,44,146,Miami Marlins,MIA
687424,Anthony Maldonado,,,Pitcher,1,52,146,Miami Marlins,MIA
670766,Darren McCaughan,,,Pitcher,1,68,146,Miami Marlins,MIA
669111,John McMillon,,,Pitcher,1,66,146,Miami Marlins,MIA
676974,Max Meyer,,,Pitcher,1,23,146,Miami Marlins,MIA
682610,Roddery Muñoz,,,Pitcher,1,71,146,Miami Marlins,MIA
667472,Dane Myers,,,Outfielder,9,54,146,Miami Marlins,MIA
677053,Andrew Nardi,,,Pitcher,1,43,146,Miami Marlins,MIA
681393,Connor Norby,,,Third Base,5,1,146,Miami Marlins,MIA
670124,Adam Oller,,,Pitcher,1,77,146,Miami Marlins,MIA
665506,Cristian Pache,,,Outfielder,8,20,146,Miami Marlins,MIA
640902,Jhonny Pereda,,,Catcher,2,89,146,Miami Marlins,MIA
656848,Michael Petersen,,,Pitcher,1,70,146,Miami Marlins,MIA
640462,A.J. Puk,,,Pitcher,1,35,146,Miami Marlins,MIA
642629,Emmanuel Ramirez,,,Pitcher,1,67,146,Miami Marlins,MIA
656896,Emmanuel Rivera,,,Third Base,5,15,146,Miami Marlins,MIA
669432,Trevor Rogers,,,Pitcher,1,28,146,Miami Marlins,MIA
645305,Ali Sánchez,,,Catcher,2,47,146,Miami Marlins,MIA
660821,Jesús Sánchez,,,Outfielder,9,7,146,Miami Marlins,MIA
664350,Sixto Sánchez,,,Pitcher,1,18,146,Miami Marlins,MIA
691594,Javier Sanoja,,,Second Base,4,46,146,Miami Marlins,MIA
656945,Tanner Scott,,,Pitcher,1,66,146,Miami Marlins,MIA
572143,Burch Smith,,,Pitcher,1,20,146,Miami Marlins,MIA
666277,George Soriano,,,Pitcher,1,62,146,Miami Marlins,MIA
669065,Kyle Stowers,,,Outfielder,7,28,146,Miami Marlins,MIA
622786,Jesus Tinoco,,,Pitcher,1,38,146,Miami Marlins,MIA
667725,Kyle Tyler,,,Pitcher,1,73,146,Miami Marlins,MIA
685107,Anthony Veneziano,,,Pitcher,1,59,146,Miami Marlins,MIA
681871,Eli Villalobos,,,Pitcher,1,68,146,Miami Marlins,MIA
657088,Forrest Wall,,,Outfielder,7,19,146,Miami Marlins,MIA
677960,Ryan Weathers,,,Pitcher,1,60,146,Miami Marlins,MIA
676969,Brett de Geus,,,Pitcher,1,78,146,Miami Marlins,MIA
677076,Clayton Andrews,,,Pitcher,1,74,147,New York Yankees,NYY
690925,Clayton Beeter,,,Pitcher,1,85,147,New York Yankees,NYY
542932,Jon Berti,,,Third Base,5,19,147,New York Yankees,NYY
641360,Phil Bickford,,,Pitcher,1,53,147,New York Yankees,NYY
595897,Nick Burdi,,,Pitcher,1,57,147,New York Yankees,NYY
665828,Oswaldo Cabrera,,,Third Base,5,95,147,New York Yankees,NYY
665862,Jazz Chisholm Jr.,,,Third Base,5,13,147,New York Yankees,NYY
543037,Gerrit Cole,,,Pitcher,1,45,147,New York Yankees,NYY
641482,Nestor Cortes,,,Pitcher,1,65,147,New York Yankees,NYY
664776,Jake Cousins,,,Pitcher,1,61,147,New York Yankees,NYY
605204,J.D. Davis,,,First Base,3,38,147,New York Yankees,NYY
660853,Enyel De Los Santos,,,Pitcher,1,62,147,New York Yankees,NYY
691176,Jasson Domínguez,,,Outfielder,7,89,147,New York Yankees,NYY
664123,Scott Effross,,,Pitcher,1,59,147,New York Yankees,NYY
668752,Duke Ellis,,,Outfielder,8,70,147,New York Yankees,NYY
657571,Caleb Ferguson,,,Pitcher,1,64,147,New York Yankees,NYY
661563,Luis Gil,,,Pitcher,1,81,147,New York Yankees,NYY
672782,Yoendrys Gómez,,,Pitcher,1,92,147,New York Yankees,NYY
624647,Victor González,,,Pitcher,1,47,147,New York Yankees,NYY
663757,Trent Grisham,,,Outfielder,8,12,147,New York Yankees,NYY
641656,Ian Hamilton,,,Pitcher,1,71,147,New York Yankees,NYY
657612,Tim Hill,,,Pitcher,1,54,147,New York Yankees,NYY
605280,Clay Holmes,,,Pitcher,1,35,147,New York Yankees,NYY
663330,Jahmai Jones,,,Outfielder,8,14,147,New York Yankees,NYY
592450,Aaron Judge,,,Outfielder,8,99,147,New York Yankees,NYY
592454,Tommy Kahnle,,,Pitcher,1,41,147,New York Yankees,NYY
518934,DJ LeMahieu,,,Third Base,5,26,147,New York Yankees,NYY
643410,Mark Leiter Jr.,,,Pitcher,1,38,147,New York Yankees,NYY
642528,Jonathan Loáisiga,,,Pitcher,1,43,147,New York Yankees,NYY
656671,Josh Maciejewski,,,Pitcher,1,63,147,New York Yankees,NYY
676760,Ron Marinaccio,,,Pitcher,1,97,147,New York Yankees,NYY
641835,Tim Mayza,,,Pitcher,1,58,147,New York Yankees,NYY
664948,Anthony Misiewicz,,,Pitcher,1,58,147,New York Yankees,NYY
665966,Carlos Narváez,,,Catcher,2,94,147,New York Yankees,NYY
672724,Oswald Peraza,,,Third Base,5,91,147,New York Yankees,NYY
547001,Cody Poteet,,,Pitcher,1,72,147,New York Yankees,NYY
700250,Ben Rice,,,First Base,3,93,147,New York Yankees,NYY
519203,Anthony Rizzo,,,First Base,3,48,147,New York Yankees,NYY
607074,Carlos Rodón,,,Pitcher,1,55,147,New York Yankees,NYY
642701,Dennis Santana,,,Pitcher,1,53,147,New York Yankees,NYY
657376,Clarke Schmidt,,,Pitcher,1,36,147,New York Yankees,NYY
675656,Kevin Smith,,,Third Base,5,74,147,New York Yankees,NYY
665742,Juan Soto,,,Outfielder,9,22,147,New York Yankees,NYY
519317,Giancarlo Stanton,,,Designated Hitter,10,27,147,New York Yankees,NYY
573186,Marcus Stroman,,,Pitcher,1,0,147,New York Yankees,NYY
543859,Michael Tonkin,,,Pitcher,1,50,147,New York Yankees,NYY
650402,Gleyber Torres,,,Second Base,4,25,147,New York Yankees,NYY
666211,Taylor Trammell,,,Outfielder,7,33,147,New York Yankees,NYY
624431,Jose Trevino,,,Catcher,2,39,147,New York Yankees,NYY
657077,Alex Verdugo,,,Outfielder,7,24,147,New York Yankees,NYY
683011,Anthony Volpe,,,Shortstop,6,11,147,New York Yankees,NYY
701542,Will Warren,,,Pitcher,1,98,147,New York Yankees,NYY
596133,Luke Weaver,,,Pitcher,1,30,147,New York Yankees,NYY
669224,Austin Wells,,,Catcher,2,28,147,New York Yankees,NYY
642715,Willy Adames,,,Shortstop,6,27,158,Milwaukee Brewers,MIL
676879,Aaron Ashby,,,Pitcher,1,26,158,Milwaukee Brewers,MIL
641343,Jake Bauers,,,First Base,3,9,158,Milwaukee Brewers,MIL
672012,Tyler Black,,,Third Base,5,7,158,Milwaukee Brewers,MIL
687134,Bradley Blalock,,,Pitcher,1,25,158,Milwaukee Brewers,MIL
656266,J.B. Bukauskas,,,Pitcher,1,50,158,Milwaukee Brewers,MIL
681962,Vinny Capra,,,Third Base,5,18,158,Milwaukee Brewers,MIL
694192,Jackson Chourio,,,Outfielder,7,11,158,Milwaukee Brewers,MIL
650644,Aaron Civale,,,Pitcher,1,32,158,Milwaukee Brewers,MIL
686555,Isaac Collins,,,Outfielder,7,6,158,Milwaukee Brewers,MIL
661388,William Contreras,,,Catcher,2,24,158,Milwaukee Brewers,MIL
686554,Oliver Dunn,,,Third Base,5,15,158,Milwaukee Brewers,MIL
686217,Sal Frelick,,,Outfielder,9,10,158,Milwaukee Brewers,MIL
688107,Robert Gasser,,,Pitcher,1,54,158,Milwaukee Brewers,MIL
606992,Eric Haase,,,Catcher,2,13,158,Milwaukee Brewers,MIL
669084,DL Hall,,,Pitcher,1,37,158,Milwaukee Brewers,MIL
643361,Kevin Herget,,,Pitcher,1,57,158,Milwaukee Brewers,MIL
622694,Elieser Hernández,,,Pitcher,1,25,158,Milwaukee Brewers,MIL
676551,Brewer Hicklen,,,Outfielder,9,28,158,Milwaukee Brewers,MIL
656555,Rhys Hoskins,,,First Base,3,12,158,Milwaukee Brewers,MIL
663542,Bryan Hudson,,,Pitcher,1,52,158,Milwaukee Brewers,MIL
664079,Tyler Jay,,,Pitcher,1,54,158,Milwaukee Brewers,MIL
596001,Jakob Junis,,,Pitcher,1,35,158,Milwaukee Brewers,MIL
676083,Janson Junk,,,Pitcher,1,56,158,Milwaukee Brewers,MIL
572971,Dallas Keuchel,,,Pitcher,1,60,158,Milwaukee Brewers,MIL
657649,Jared Koenig,,,Pitcher,1,35,158,Milwaukee Brewers,MIL
683232,Nick Mears,,,Pitcher,1,25,158,Milwaukee Brewers,MIL
703231,James Meeker,,,Pitcher,1,58,158,Milwaukee Brewers,MIL
656730,Trevor Megill,,,Pitcher,1,29,158,Milwaukee Brewers,MIL
489119,Wade Miley,,,Pitcher,1,20,158,Milwaukee Brewers,MIL
680911,Owen Miller,,,First Base,3,6,158,Milwaukee Brewers,MIL
571948,Hoby Milner,,,Pitcher,1,55,158,Milwaukee Brewers,MIL
669003,Garrett Mitchell,,,Outfielder,8,5,158,Milwaukee Brewers,MIL
655316,Andruw Monasterio,,,Third Base,5,14,158,Milwaukee Brewers,MIL
593423,Frankie Montas,,,Pitcher,1,47,158,Milwaukee Brewers,MIL
668964,Tobias Myers,,,Pitcher,1,36,158,Milwaukee Brewers,MIL
687401,Joey Ortiz,,,Third Base,5,3,158,Milwaukee Brewers,MIL
660600,Enoli Paredes,,,Pitcher,1,49,158,Milwaukee Brewers,MIL
606303,Joel Payamps,,,Pitcher,1,31,158,Milwaukee Brewers,MIL
665625,Elvis Peguero,,,Pitcher,1,59,158,Milwaukee Brewers,MIL
642547,Freddy Peralta,,,Pitcher,1,51,158,Milwaukee Brewers,MIL
663368,Blake Perkins,,,Outfielder,8,16,158,Milwaukee Brewers,MIL
607067,Colin Rea,,,Pitcher,1,48,158,Milwaukee Brewers,MIL
692230,Carlos Rodriguez,,,Pitcher,1,00,158,Milwaukee Brewers,MIL
676896,Chris Roller,,,Outfielder,8,18,158,Milwaukee Brewers,MIL
605452,Joe Ross,,,Pitcher,1,41,158,Milwaukee Brewers,MIL
596142,Gary Sánchez,,,Catcher,2,99,158,Milwaukee Brewers,MIL
668930,Brice Turang,,,Second Base,4,2,158,Milwaukee Brewers,MIL
682842,Abner Uribe,,,Pitcher,1,45,158,Milwaukee Brewers,MIL
600986,Thyago Vieira,,,Pitcher,1,49,158,Milwaukee Brewers,MIL
669952,Mitch White,,,Pitcher,1,58,158,Milwaukee Brewers,MIL
686894,Joey Wiemer,,,Outfielder,7,28,158,Milwaukee Brewers,MIL
642207,Devin Williams,,,Pitcher,1,38,158,Milwaukee Brewers,MIL
669060,Bryse Wilson,,,Pitcher,1,46,158,Milwaukee Brewers,MIL
592885,Christian Yelich,,,Outfielder,7,22,158,Milwaukee Brewers,MIL
642239,Rob Zastryzny,,,Pitcher,1,58,158,Milwaukee Brewers,MIL
677941,Jordyn Adams,,,Outfielder,9,39,108,Los Angeles Angels,LAA
666176,Jo Adell,,,Outfielder,9,7,108,Los Angeles Angels,LAA
501303,Ehire Adrianza,,,Third Base,5,13,108,Los Angeles Angels,LAA
691951,Sam Aldegheri,,,Pitcher,1,66,108,Los Angeles Angels,LAA
542881,Tyler Anderson,,,Pitcher,1,31,108,Los Angeles Angels,LAA
657508,Mike Baumann,,,Pitcher,1,53,108,Los Angeles Angels,LAA
656271,Brock Burke,,,Pitcher,1,46,108,Los Angeles Angels,LAA
641432,Willie Calhoun,,,First Base,3,5,108,Los Angeles Angels,LAA
672569,Gustavo Campero,,,Outfielder,9,51,108,Los Angeles Angels,LAA
656288,Griffin Canning,,,Pitcher,1,47,108,Los Angeles Angels,LAA
643256,Adam Cimber,,,Pitcher,1,,108,Los Angeles Angels,LAA
542585,José Cisnero,,,Pitcher,1,67,108,Los Angeles Angels,LAA
672710,Roansy Contreras,,,Pitcher,1,57,108,Los Angeles Angels,LAA
668968,Hans Crouse,,,Pitcher,1,52,108,Los Angeles Angels,LAA
456501,Johnny Cueto,,,Pitcher,1,36,108,Los Angeles Angels,LAA
702674,Caden Dana,,,Pitcher,1,36,108,Los Angeles Angels,LAA
669721,Davis Daniel,,,Pitcher,1,58,108,Los Angeles Angels,LAA
672282,Reid Detmers,,,Pitcher,1,48,108,Los Angeles Angels,LAA
592273,Brandon Drury,,,Second Base,4,23,108,Los Angeles Angels,LAA
608032,Carlos Estévez,,,Pitcher,1,53,108,Los Angeles Angels,LAA
608334,Carson Fulmer,,,Pitcher,1,41,108,Los Angeles Angels,LAA
472610,Luis García,,,Pitcher,1,66,108,Los Angeles Angels,LAA
607237,Amir Garrett,,,Pitcher,1,,108,Los Angeles Angels,LAA
592348,Niko Goodrum,,,Third Base,5,28,108,Los Angeles Angels,LAA
641645,Luis Guillorme,,,Second Base,4,15,108,Los Angeles Angels,LAA
543305,Aaron Hicks,,,Outfielder,9,12,108,Los Angeles Angels,LAA
669374,Keston Hiura,,,Second Base,4,13,108,Los Angeles Angels,LAA
690829,Ben Joyce,,,Pitcher,1,44,108,Los Angeles Angels,LAA
694359,Niko Kavadas,,,First Base,3,28,108,Los Angeles Angels,LAA
686799,Jack Kochanowicz,,,Pitcher,1,64,108,Los Angeles Angels,LAA
670219,Zac Kristofak,,,Pitcher,1,72,108,Los Angeles Angels,LAA
641779,Charles Leblanc,,,Third Base,5,33,108,Los Angeles Angels,LAA
605346,Jack López,,,Second Base,4,10,108,Los Angeles Angels,LAA
665896,José Marte,,,Pitcher,1,68,108,Los Angeles Angels,LAA
682989,Victor Mederos,,,Pitcher,1,62,108,Los Angeles Angels,LAA
668943,Ryan Miller,,,Pitcher,1,53,108,Los Angeles Angels,LAA
666160,Mickey Moniak,,,Outfielder,8,16,108,Los Angeles Angels,LAA
519043,Matt Moore,,,Pitcher,1,55,108,Los Angeles Angels,LAA
687263,Zach Neto,,,Shortstop,6,9,108,Los Angeles Angels,LAA
681351,Logan O'Hoppe,,,Catcher,2,14,108,Los Angeles Angels,LAA
677347,Kyren Paris,,,Second Base,4,19,108,Los Angeles Angels,LAA
607680,Kevin Pillar,,,Outfielder,8,12,108,Los Angeles Angels,LAA
668676,Zach Plesac,,,Pitcher,1,34,108,Los Angeles Angels,LAA
650671,José Quijada,,,Pitcher,1,65,108,Los Angeles Angels,LAA
543685,Anthony Rendon,,,Third Base,5,6,108,Los Angeles Angels,LAA
650859,Luis Rengifo,,,Third Base,5,2,108,Los Angeles Angels,LAA
670046,Kenny Rosenberg,,,Pitcher,1,78,108,Los Angeles Angels,LAA
663776,Patrick Sandoval,,,Pitcher,1,43,108,Los Angeles Angels,LAA
593934,Miguel Sanó,,,Third Base,5,22,108,Los Angeles Angels,LAA
694384,Nolan Schanuel,,,First Base,3,18,108,Los Angeles Angels,LAA
681217,Chase Silseth,,,Pitcher,1,63,108,Los Angeles Angels,LAA
667755,José Soriano,,,Pitcher,1,59,108,Los Angeles Angels,LAA
683021,Michael Stefanic,,,Second Base,4,38,108,Los Angeles Angels,LAA
519326,Hunter Strickland,,,Pitcher,1,61,108,Los Angeles Angels,LAA
660761,José Suarez,,,Pitcher,1,54,108,Los Angeles Angels,LAA
669326,Bryce Teodosio,,,Outfielder,8,22,108,Los Angeles Angels,LAA
642136,Matt Thaiss,,,Catcher,2,21,108,Los Angeles Angels,LAA
545361,Mike Trout,,,Outfielder,8,27,108,Los Angeles Angels,LAA
657061,Cole Tucker,,,Third Base,5,8,108,Los Angeles Angels,LAA
676572,Eric Wagaman,,,Third Base,5,34,108,Los Angeles Angels,LAA
681806,Andrew Wantz,,,Pitcher,1,60,108,Los Angeles Angels,LAA
621493,Taylor Ward,,,Outfielder,7,3,108,Los Angeles Angels,LAA
666171,Ryan Zeferjahn,,,Pitcher,1,56,108,Los Angeles Angels,LAA
670871,Guillo Zuñiga,,,Pitcher,1,49,108,Los Angeles Angels,LAA
677942,Blaze Alexander,,,Shortstop,6,9,109,Arizona Diamondbacks,AZ
663531,Logan Allen,,,Pitcher,1,,109,Arizona Diamondbacks,AZ
571466,Tucker Barnhart,,,Catcher,2,16,109,Arizona Diamondbacks,AZ
678489,Jorge Barrosa,,,Outfielder,7,1,109,Arizona Diamondbacks,AZ
605137,Josh Bell,,,First Base,3,36,109,Arizona Diamondbacks,AZ
621199,Matt Bowman,,,Pitcher,1,55,109,Arizona Diamondbacks,AZ
682998,Corbin Carroll,,,Outfielder,8,7,109,Arizona Diamondbacks,AZ
528748,Humberto Castellanos,,,Pitcher,1,54,109,Arizona Diamondbacks,AZ
612434,Miguel Castro,,,Pitcher,1,50,109,Arizona Diamondbacks,AZ
677944,Slade Cecconi,,,Pitcher,1,43,109,Arizona Diamondbacks,AZ
680728,Adrian Del Castillo,,,Catcher,2,25,109,Arizona Diamondbacks,AZ
700270,Yilber Díaz,,,Pitcher,1,45,109,Arizona Diamondbacks,AZ
571670,Dylan Floro,,,Pitcher,1,55,109,Arizona Diamondbacks,AZ
666818,Luis Frías,,,Pitcher,1,65,109,Arizona Diamondbacks,AZ
668678,Zac Gallen,,,Pitcher,1,23,109,Arizona Diamondbacks,AZ
656464,Kevin Ginkel,,,Pitcher,1,37,109,Arizona Diamondbacks,AZ
545341,Randal Grichuk,,,Outfielder,9,15,109,Arizona Diamondbacks,AZ
641645,Luis Guillorme,,,Second Base,4,13,109,Arizona Diamondbacks,AZ
666971,Lourdes Gurriel Jr.,,,Outfielder,7,12,109,Arizona Diamondbacks,AZ
674072,Tommy Henry,,,Pitcher,1,47,109,Arizona Diamondbacks,AZ
645444,Jose Herrera,,,Catcher,2,11,109,Arizona Diamondbacks,AZ
676714,Brandon Hughes,,,Pitcher,1,56,109,Arizona Diamondbacks,AZ
682175,Joe Jacques,,,Pitcher,1,55,109,Arizona Diamondbacks,AZ
686826,Bryce Jarvis,,,Pitcher,1,40,109,Arizona Diamondbacks,AZ
518876,Merrill Kelly,,,Pitcher,1,29,109,Arizona Diamondbacks,AZ
573009,Joe Mantiply,,,Pitcher,1,35,109,Arizona Diamondbacks,AZ
606466,Ketel Marte,,,Second Base,4,4,109,Arizona Diamondbacks,AZ
679885,Justin Martinez,,,Pitcher,1,63,109,Arizona Diamondbacks,AZ
664983,Jake McCarthy,,,Outfielder,8,31,109,Arizona Diamondbacks,AZ
543518,Scott McGough,,,Pitcher,1,30,109,Arizona Diamondbacks,AZ
691441,Cristian Mena,,,Pitcher,1,64,109,Arizona Diamondbacks,AZ
656756,Jordan Montgomery,,,Pitcher,1,52,109,Arizona Diamondbacks,AZ
672515,Gabriel Moreno,,,Catcher,2,14,109,Arizona Diamondbacks,AZ
669459,Kyle Nelson,,,Pitcher,1,24,109,Arizona Diamondbacks,AZ
669194,Ryne Nelson,,,Pitcher,1,19,109,Arizona Diamondbacks,AZ
621028,Kevin Newman,,,Shortstop,6,18,109,Arizona Diamondbacks,AZ
592626,Joc Pederson,,,Designated Hitter,10,3,109,Arizona Diamondbacks,AZ
672695,Geraldo Perdomo,,,Shortstop,6,2,109,Arizona Diamondbacks,AZ
607054,Jace Peterson,,,Shortstop,6,6,109,Arizona Diamondbacks,AZ
694297,Brandon Pfaadt,,,Pitcher,1,32,109,Arizona Diamondbacks,AZ
640462,A.J. Puk,,,Pitcher,1,33,109,Arizona Diamondbacks,AZ
593958,Eduardo Rodriguez,,,Pitcher,1,57,109,Arizona Diamondbacks,AZ
685314,Andrew Saalfrank,,,Pitcher,1,27,109,Arizona Diamondbacks,AZ
623149,Paul Sewald,,,Pitcher,1,38,109,Arizona Diamondbacks,AZ
656976,Pavin Smith,,,Outfielder,7,26,109,Arizona Diamondbacks,AZ
553993,Eugenio Suárez,,,Third Base,5,28,109,Arizona Diamondbacks,AZ
677950,Alek Thomas,,,Outfielder,8,5,109,Arizona Diamondbacks,AZ
657044,Ryan Thompson,,,Pitcher,1,81,109,Arizona Diamondbacks,AZ
600986,Thyago Vieira,,,Pitcher,1,49,109,Arizona Diamondbacks,AZ
572233,Christian Walker,,,First Base,3,53,109,Arizona Diamondbacks,AZ
686796,Blake Walston,,,Pitcher,1,48,109,Arizona Diamondbacks,AZ
669211,Keegan Akin,,,Pitcher,1,45,110,Baltimore Orioles,BAL
641329,Bryan Baker,,,Pitcher,1,43,110,Baltimore Orioles,BAL
675915,David Bañuelos,,,Catcher,2,91,110,Baltimore Orioles,BAL
657508,Mike Baumann,,,Pitcher,1,53,110,Baltimore Orioles,BAL
621199,Matt Bowman,,,Pitcher,1,51,110,Baltimore Orioles,BAL
680694,Kyle Bradish,,,Pitcher,1,38,110,Baltimore Orioles,BAL
669203,Corbin Burnes,,,Pitcher,1,39,110,Baltimore Orioles,BAL
666974,Yennier Cano,,,Pitcher,1,78,110,Baltimore Orioles,BAL
543056,Danny Coulombe,,,Pitcher,1,54,110,Baltimore Orioles,BAL
681297,Colton Cowser,,,Outfielder,7,17,110,Baltimore Orioles,BAL
656353,Tucker Davidson,,,Pitcher,1,67,110,Baltimore Orioles,BAL
622554,Seranthony Domínguez,,,Pitcher,1,56,110,Baltimore Orioles,BAL
621107,Zach Eflin,,,Pitcher,1,24,110,Baltimore Orioles,BAL
669720,Austin Hays,,,Outfielder,7,21,110,Baltimore Orioles,BAL
669169,Jonathan Heasley,,,Pitcher,1,52,110,Baltimore Orioles,BAL
683002,Gunnar Henderson,,,Shortstop,6,2,110,Baltimore Orioles,BAL
702616,Jackson Holliday,,,Second Base,4,7,110,Baltimore Orioles,BAL
608344,Cole Irvin,,,Pitcher,1,19,110,Baltimore Orioles,BAL
650391,Eloy Jiménez,,,Designated Hitter,10,72,110,Baltimore Orioles,BAL
669288,Daniel Johnson,,,Outfielder,8,53,110,Baltimore Orioles,BAL
643393,Tony Kemp,,,Second Base,4,12,110,Baltimore Orioles,BAL
518886,Craig Kimbrel,,,Pitcher,1,46,110,Baltimore Orioles,BAL
677008,Heston Kjerstad,,,Outfielder,7,13,110,Baltimore Orioles,BAL
665152,Dean Kremer,,,Pitcher,1,64,110,Baltimore Orioles,BAL
640454,Matt Krook,,,Pitcher,1,66,110,Baltimore Orioles,BAL
622761,Jorge Mateo,,,Second Base,4,3,110,Baltimore Orioles,BAL
665155,Nick Maton,,,Third Base,5,63,110,Baltimore Orioles,BAL
691723,Coby Mayo,,,Third Base,5,16,110,Baltimore Orioles,BAL
543510,James McCann,,,Catcher,2,27,110,Baltimore Orioles,BAL
694646,Chayce McDermott,,,Pitcher,1,60,110,Baltimore Orioles,BAL
663630,Ryan McKenna,,,Outfielder,9,26,110,Baltimore Orioles,BAL
607644,John Means,,,Pitcher,1,47,110,Baltimore Orioles,BAL
663624,Ryan Mountcastle,,,First Base,3,6,110,Baltimore Orioles,BAL
656775,Cedric Mullins,,,Outfielder,8,31,110,Baltimore Orioles,BAL
657697,Vinny Nittoli,,,Pitcher,1,67,110,Baltimore Orioles,BAL
681393,Connor Norby,,,Second Base,4,12,110,Baltimore Orioles,BAL
656811,Ryan O'Hearn,,,First Base,3,32,110,Baltimore Orioles,BAL
665506,Cristian Pache,,,Outfielder,8,26,110,Baltimore Orioles,BAL
672335,Cionel Pérez,,,Pitcher,1,58,110,Baltimore Orioles,BAL
700249,Cade Povich,,,Pitcher,1,37,110,Baltimore Orioles,BAL
670990,Yohan Ramírez,,,Pitcher,1,48,110,Baltimore Orioles,BAL
656896,Emmanuel Rivera,,,Third Base,5,26,110,Baltimore Orioles,BAL
680570,Grayson Rodriguez,,,Pitcher,1,30,110,Baltimore Orioles,BAL
669432,Trevor Rogers,,,Pitcher,1,28,110,Baltimore Orioles,BAL
668939,Adley Rutschman,,,Catcher,2,35,110,Baltimore Orioles,BAL
623993,Anthony Santander,,,Outfielder,9,25,110,Baltimore Orioles,BAL
681882,Colin Selby,,,Pitcher,1,60,110,Baltimore Orioles,BAL
596103,Austin Slater,,,Outfielder,9,15,110,Baltimore Orioles,BAL
572143,Burch Smith,,,Pitcher,1,40,110,Baltimore Orioles,BAL
642397,Gregory Soto,,,Pitcher,1,65,110,Baltimore Orioles,BAL
670869,Livan Soto,,,Shortstop,6,73,110,Baltimore Orioles,BAL
669065,Kyle Stowers,,,Outfielder,7,28,110,Baltimore Orioles,BAL
544150,Albert Suárez,,,Pitcher,1,49,110,Baltimore Orioles,BAL
622253,Dillon Tate,,,Pitcher,1,55,110,Baltimore Orioles,BAL
602104,Ramón Urías,,,Third Base,5,29,110,Baltimore Orioles,BAL
663989,Nick Vespi,,,Pitcher,1,79,110,Baltimore Orioles,BAL
600986,Thyago Vieira,,,Pitcher,1,40,110,Baltimore Orioles,BAL
657097,Jacob Webb,,,Pitcher,1,71,110,Baltimore Orioles,BAL
669330,Tyler Wells,,,Pitcher,1,68,110,Baltimore Orioles,BAL
676059,Jordan Westburg,,,Third Base,5,11,110,Baltimore Orioles,BAL
677800,Wilyer Abreu,,,Outfielder,9,52,111,Boston Red Sox,BOS
502624,Chase Anderson,,,Pitcher,1,48,111,Boston Red Sox,BOS
678394,Brayan Bello,,,Pitcher,1,66,111,Boston Red Sox,BOS
657514,Brennan Bernardino,,,Pitcher,1,83,111,Boston Red Sox,BOS
592155,Cam Booser,,,Pitcher,1,71,111,Boston Red Sox,BOS
663462,Isaiah Campbell,,,Pitcher,1,44,111,Boston Red Sox,BOS
671213,Triston Casas,,,First Base,3,36,111,Boston Red Sox,BOS
643265,Garrett Cooper,,,First Base,3,28,111,Boston Red Sox,BOS
676710,Kutter Crawford,,,Pitcher,1,50,111,Boston Red Sox,BOS
681867,Cooper Criswell,,,Pitcher,1,64,111,Boston Red Sox,BOS
666915,Bobby Dalbec,,,First Base,3,29,111,Boston Red Sox,BOS
646240,Rafael Devers,,,Third Base,5,11,111,Boston Red Sox,BOS
680776,Jarren Duran,,,Outfielder,8,16,111,Boston Red Sox,BOS
690916,Richard Fitts,,,Pitcher,1,80,111,Boston Red Sox,BOS
472610,Luis García,,,Pitcher,1,40,111,Boston Red Sox,BOS
681508,Mickey Gasper,,,Second Base,4,77,111,Boston Red Sox,BOS
663853,Romy Gonzalez,,,Second Base,4,23,111,Boston Red Sox,BOS
687093,Vaughn Grissom,,,Second Base,4,5,111,Boston Red Sox,BOS
692285,Luis Guerrero,,,Pitcher,1,99,111,Boston Red Sox,BOS
666152,David Hamilton,,,Shortstop,6,70,111,Boston Red Sox,BOS
623168,Tyler Heineman,,,Catcher,2,32,111,Boston Red Sox,BOS
448179,Rich Hill,,,Pitcher,1,44,111,Boston Red Sox,BOS
690544,Bailey Horn,,,Pitcher,1,78,111,Boston Red Sox,BOS
656557,Tanner Houck,,,Pitcher,1,89,111,Boston Red Sox,BOS
682175,Joe Jacques,,,Pitcher,1,78,111,Boston Red Sox,BOS
643376,Danny Jansen,,,Catcher,2,28,111,Boston Red Sox,BOS
445276,Kenley Jansen,,,Pitcher,1,74,111,Boston Red Sox,BOS
641745,Brad Keller,,,Pitcher,1,46,111,Boston Red Sox,BOS
677161,Zack Kelly,,,Pitcher,1,76,111,Boston Red Sox,BOS
455119,Chris Martin,,,Pitcher,1,55,111,Boston Red Sox,BOS
624512,Reese McGuire,,,Catcher,2,3,111,Boston Red Sox,BOS
641933,Tyler O'Neill,,,Outfielder,7,17,111,Boston Red Sox,BOS
572020,James Paxton,,,Pitcher,1,65,111,Boston Red Sox,BOS
683068,Zach Penrod,,,Pitcher,1,67,111,Boston Red Sox,BOS
601713,Nick Pivetta,,,Pitcher,1,37,111,Boston Red Sox,BOS
682990,Quinn Priester,,,Pitcher,1,68,111,Boston Red Sox,BOS
678882,Ceddanne Rafaela,,,Shortstop,6,43,111,Boston Red Sox,BOS
670990,Yohan Ramírez,,,Pitcher,1,48,111,Boston Red Sox,BOS
608701,Rob Refsnyder,,,Outfielder,7,30,111,Boston Red Sox,BOS
622569,Pablo Reyes,,,Third Base,5,19,111,Boston Red Sox,BOS
570257,Joely Rodríguez,,,Pitcher,1,56,111,Boston Red Sox,BOS
670097,Zack Short,,,Third Base,5,18,111,Boston Red Sox,BOS
663767,Chase Shugart,,,Pitcher,1,61,111,Boston Red Sox,BOS
608371,Lucas Sims,,,Pitcher,1,39,111,Boston Red Sox,BOS
686580,Justin Slaten,,,Pitcher,1,63,111,Boston Red Sox,BOS
642086,Dominic Smith,,,First Base,3,2,111,Boston Red Sox,BOS
686765,Nick Sogard,,,Second Base,4,75,111,Boston Red Sox,BOS
596115,Trevor Story,,,Shortstop,6,10,111,Boston Red Sox,BOS
683822,Naoyuki Uwasawa,,,Pitcher,1,39,111,Boston Red Sox,BOS
665839,Enmanuel Valdez,,,Second Base,4,47,111,Boston Red Sox,BOS
669711,Greg Weissert,,,Pitcher,1,57,111,Boston Red Sox,BOS
642197,Jamie Westbrook,,,Second Base,4,73,111,Boston Red Sox,BOS
676477,Garrett Whitlock,,,Pitcher,1,22,111,Boston Red Sox,BOS
670174,Josh Winckowski,,,Pitcher,1,25,111,Boston Red Sox,BOS
622259,Trey Wingenter,,,Pitcher,1,61,111,Boston Red Sox,BOS
657136,Connor Wong,,,Catcher,2,12,111,Boston Red Sox,BOS
807799,Masataka Yoshida,,,Outfielder,7,7,111,Boston Red Sox,BOS
682634,Kevin Alcántara,,,Outfielder,9,13,112,Chicago Cubs,CHC
622075,Yency Almonte,,,Pitcher,1,25,112,Chicago Cubs,CHC
640470,Adbert Alzolay,,,Pitcher,1,73,112,Chicago Cubs,CHC
665804,Miguel Amaya,,,Catcher,2,9,112,Chicago Cubs,CHC
542888,Shawn Armstrong,,,Pitcher,1,64,112,Chicago Cubs,CHC
665871,Javier Assad,,,Pitcher,1,72,112,Chicago Cubs,CHC
641355,Cody Bellinger,,,Outfielder,8,24,112,Chicago Cubs,CHC
542194,Christian Bethancourt,,,Catcher,2,60,112,Chicago Cubs,CHC
685801,Hunter Bigge,,,Pitcher,1,47,112,Chicago Cubs,CHC
623520,David Bote,,,Third Base,5,13,112,Chicago Cubs,CHC
605155,Colten Brewer,,,Pitcher,1,54,112,Chicago Cubs,CHC
676962,Ben Brown,,,Pitcher,1,32,112,Chicago Cubs,CHC
683737,Michael Busch,,,First Base,3,29,112,Chicago Cubs,CHC
672744,Alexander Canario,,,Outfielder,7,4,112,Chicago Cubs,CHC
643265,Garrett Cooper,,,First Base,3,41,112,Chicago Cubs,CHC
691718,Pete Crow-Armstrong,,,Outfielder,8,52,112,Chicago Cubs,CHC
621016,Jose Cuas,,,Pitcher,1,74,112,Chicago Cubs,CHC
543228,Yan Gomes,,,Catcher,2,15,112,Chicago Cubs,CHC
664023,Ian Happ,,,Outfielder,7,8,112,Chicago Cubs,CHC
543294,Kyle Hendricks,,,Pitcher,1,28,112,Chicago Cubs,CHC
687863,Porter Hodge,,,Pitcher,1,37,112,Chicago Cubs,CHC
663538,Nico Hoerner,,,Second Base,4,2,112,Chicago Cubs,CHC
668970,Gavin Hollowell,,,Pitcher,1,46,112,Chicago Cubs,CHC
684007,Shota Imanaga,,,Pitcher,1,18,112,Chicago Cubs,CHC
668873,Caleb Kilian,,,Pitcher,1,45,112,Chicago Cubs,CHC
643410,Mark Leiter Jr.,,,Pitcher,1,38,112,Chicago Cubs,CHC
681432,Luke Little,,,Pitcher,1,43,112,Chicago Cubs,CHC
605347,Jorge López,,,Pitcher,1,41,112,Chicago Cubs,CHC
663992,Richard Lovelady,,,Pitcher,1,49,112,Chicago Cubs,CHC
663611,Nick Madrigal,,,Third Base,5,1,112,Chicago Cubs,CHC
670156,Miles Mastrobuoni,,,Shortstop,6,20,112,Chicago Cubs,CHC
657240,Julian Merryweather,,,Pitcher,1,66,112,Chicago Cubs,CHC
670223,Matt Mervis,,,First Base,3,22,112,Chicago Cubs,CHC
668338,Tyson Miller,,,Pitcher,1,49,112,Chicago Cubs,CHC
666624,Christopher Morel,,,Third Base,5,5,112,Chicago Cubs,CHC
680891,Jack Neely,,,Pitcher,1,47,112,Chicago Cubs,CHC
593576,Héctor Neris,,,Pitcher,1,51,112,Chicago Cubs,CHC
621512,Tomás Nido,,,Catcher,2,6,112,Chicago Cubs,CHC
694037,Daniel Palencia,,,Pitcher,1,48,112,Chicago Cubs,CHC
660600,Enoli Paredes,,,Pitcher,1,59,112,Chicago Cubs,CHC
670623,Isaac Paredes,,,Third Base,5,17,112,Chicago Cubs,CHC
663878,Nate Pearson,,,Pitcher,1,56,112,Chicago Cubs,CHC
681799,Ethan Roberts,,,Pitcher,1,39,112,Chicago Cubs,CHC
592767,Drew Smyly,,,Pitcher,1,11,112,Chicago Cubs,CHC
657006,Justin Steele,,,Pitcher,1,35,112,Chicago Cubs,CHC
673548,Seiya Suzuki,,,Outfielder,9,27,112,Chicago Cubs,CHC
621020,Dansby Swanson,,,Shortstop,6,7,112,Chicago Cubs,CHC
592791,Jameson Taillon,,,Pitcher,1,50,112,Chicago Cubs,CHC
643565,Mike Tauchman,,,Outfielder,9,40,112,Chicago Cubs,CHC
624522,Keegan Thompson,,,Pitcher,1,71,112,Chicago Cubs,CHC
622786,Jesus Tinoco,,,Pitcher,1,0,112,Chicago Cubs,CHC
676679,Luis Vázquez,,,Shortstop,6,12,112,Chicago Cubs,CHC
669713,Hayden Wesneski,,,Pitcher,1,19,112,Chicago Cubs,CHC
696136,Jordan Wicks,,,Pitcher,1,36,112,Chicago Cubs,CHC
622259,Trey Wingenter,,,Pitcher,1,38,112,Chicago Cubs,CHC
621550,Patrick Wisdom,,,First Base,3,16,112,Chicago Cubs,CHC
671096,Andrew Abbott,,,Pitcher,1,41,113,Cincinnati Reds,CIN
687924,Julian Aguiar,,,Pitcher,1,39,113,Cincinnati Reds,CIN
622088,Tejay Antone,,,Pitcher,1,70,113,Cincinnati Reds,CIN
668933,Graham Ashcraft,,,Pitcher,1,51,113,Cincinnati Reds,CIN
666181,Will Benson,,,Outfielder,7,30,113,Cincinnati Reds,CIN
571527,David Buchanan,,,Pitcher,1,58,113,Cincinnati Reds,CIN
641427,Alan Busenitz,,,Pitcher,1,49,113,Cincinnati Reds,CIN
600869,Jeimer Candelario,,,Third Base,5,3,113,Cincinnati Reds,CIN
668843,Conner Capel,,,Outfielder,7,49,113,Cincinnati Reds,CIN
518585,Fernando Cruz,,,Pitcher,1,63,113,Cincinnati Reds,CIN
682829,Elly De La Cruz,,,Shortstop,6,44,113,Cincinnati Reds,CIN
664747,Alexis Díaz,,,Pitcher,1,43,113,Cincinnati Reds,CIN
694362,Blake Dunn,,,Outfielder,7,59,113,Cincinnati Reds,CIN
687952,Christian Encarnacion-Strand,,,First Base,3,33,113,Cincinnati Reds,CIN
669289,Santiago Espinal,,,Third Base,5,4,113,Cincinnati Reds,CIN
656413,Stuart Fairchild,,,Outfielder,8,17,113,Cincinnati Reds,CIN
571656,Buck Farmer,,,Pitcher,1,46,113,Cincinnati Reds,CIN
645801,Mike Ford,,,First Base,3,38,113,Cincinnati Reds,CIN
641584,Jake Fraley,,,Outfielder,9,27,113,Cincinnati Reds,CIN
664034,Ty France,,,First Base,3,2,113,Cincinnati Reds,CIN
670770,TJ Friedl,,,Outfielder,8,29,113,Cincinnati Reds,CIN
664139,Ian Gibaut,,,Pitcher,1,79,113,Cincinnati Reds,CIN
668881,Hunter Greene,,,Pitcher,1,21,113,Cincinnati Reds,CIN
677956,Rece Hinds,,,Outfielder,9,57,113,Cincinnati Reds,CIN
674441,Jacob Hurtubise,,,Outfielder,7,26,113,Cincinnati Reds,CIN
663697,Jonathan India,,,Second Base,4,6,113,Cincinnati Reds,CIN
682119,Levi Jordan,,,Outfielder,8,53,113,Cincinnati Reds,CIN
596001,Jakob Junis,,,Pitcher,1,47,113,Cincinnati Reds,CIN
543391,Casey Kelly,,,Pitcher,1,84,113,Cincinnati Reds,CIN
667478,Evan Kravetz,,,Pitcher,1,66,113,Cincinnati Reds,CIN
668984,Casey Legumina,,,Pitcher,1,65,113,Cincinnati Reds,CIN
605335,Brandon Leibrandt,,,Pitcher,1,82,113,Cincinnati Reds,CIN
666157,Nick Lodolo,,,Pitcher,1,40,113,Cincinnati Reds,CIN
695076,Rhett Lowder,,,Pitcher,1,81,113,Cincinnati Reds,CIN
571912,Luke Maile,,,Catcher,2,22,113,Cincinnati Reds,CIN
682622,Noelvi Marte,,,Third Base,5,16,113,Cincinnati Reds,CIN
607259,Nick Martinez,,,Pitcher,1,28,113,Cincinnati Reds,CIN
605361,Nick Martini,,,Outfielder,9,23,113,Cincinnati Reds,CIN
594580,Sam Moll,,,Pitcher,1,50,113,Cincinnati Reds,CIN
593423,Frankie Montas,,,Pitcher,1,47,113,Cincinnati Reds,CIN
641941,Emilio Pagán,,,Pitcher,1,15,113,Cincinnati Reds,CIN
680689,Lyon Richardson,,,Pitcher,1,72,113,Cincinnati Reds,CIN
621458,Edwin Ríos,,,First Base,3,,113,Cincinnati Reds,CIN
642708,Amed Rosario,,,Outfielder,9,38,113,Cincinnati Reds,CIN
663574,Tony Santillan,,,Pitcher,1,64,113,Cincinnati Reds,CIN
608371,Lucas Sims,,,Pitcher,1,39,113,Cincinnati Reds,CIN
596103,Austin Slater,,,Outfielder,9,48,113,Cincinnati Reds,CIN
642086,Dominic Smith,,,First Base,3,0,113,Cincinnati Reds,CIN
686730,Carson Spiers,,,Pitcher,1,68,113,Cincinnati Reds,CIN
668715,Spencer Steer,,,Outfielder,7,7,113,Cincinnati Reds,CIN
663886,Tyler Stephenson,,,Catcher,2,37,113,Cincinnati Reds,CIN
608718,Brent Suter,,,Pitcher,1,31,113,Cincinnati Reds,CIN
669352,Bubba Thompson,,,Outfielder,8,12,113,Cincinnati Reds,CIN
686894,Joey Wiemer,,,Outfielder,7,48,113,Cincinnati Reds,CIN
682227,Brandon Williamson,,,Pitcher,1,55,113,Cincinnati Reds,CIN
458677,Justin Wilson,,,Pitcher,1,32,113,Cincinnati Reds,CIN
642851,Austin Wynns,,,Catcher,2,35,113,Cincinnati Reds,CIN
687066,Eric Yang,,,Catcher,2,69,113,Cincinnati Reds,CIN
622065,Alex Young,,,Pitcher,1,48,113,Cincinnati Reds,CIN
691172,Yosver Zulueta,,,Pitcher,1,67,113,Cincinnati Reds,CIN
671106,Logan Allen,,,Pitcher,1,41,114,Cleveland Guardians,CLE
672356,Gabriel Arias,,,Third Base,5,13,114,Cleveland Guardians,CLE
658648,Pedro Avila,,,Pitcher,1,60,114,Cleveland Guardians,CLE
605130,Scott Barlow,,,Pitcher,1,58,114,Cleveland Guardians,CLE
595881,Tyler Beede,,,Pitcher,1,46,114,Cleveland Guardians,CLE
676440,Tanner Bibee,,,Pitcher,1,28,114,Cleveland Guardians,CLE
669456,Shane Bieber,,,Pitcher,1,57,114,Cleveland Guardians,CLE
571510,Matthew Boyd,,,Pitcher,1,16,114,Cleveland Guardians,CLE
686823,Will Brennan,,,Outfielder,9,17,114,Cleveland Guardians,CLE
676282,Joey Cantillo,,,Pitcher,1,54,114,Cleveland Guardians,CLE
471911,Carlos Carrasco,,,Pitcher,1,59,114,Cleveland Guardians,CLE
661403,Emmanuel Clase,,,Pitcher,1,48,114,Cleveland Guardians,CLE
502171,Alex Cobb,,,Pitcher,1,35,114,Cleveland Guardians,CLE
675540,Xzavion Curry,,,Pitcher,1,44,114,Cleveland Guardians,CLE
664314,Estevan Florial,,,Outfielder,7,90,114,Cleveland Guardians,CLE
671289,Tyler Freeman,,,Outfielder,8,2,114,Cleveland Guardians,CLE
681807,David Fry,,,First Base,3,6,114,Cleveland Guardians,CLE
683769,Hunter Gaddis,,,Pitcher,1,33,114,Cleveland Guardians,CLE
687362,Connor Gillispie,,,Pitcher,1,61,114,Cleveland Guardians,CLE
665926,Andrés Giménez,,,Second Base,4,0,114,Cleveland Guardians,CLE
543238,Anthony Gose,,,Pitcher,1,26,114,Cleveland Guardians,CLE
595978,Austin Hedges,,,Catcher,2,27,114,Cleveland Guardians,CLE
656529,Sam Hentges,,,Pitcher,1,31,114,Cleveland Guardians,CLE
682120,Tim Herrin,,,Pitcher,1,29,114,Cleveland Guardians,CLE
675921,Spencer Howard,,,Pitcher,1,54,114,Cleveland Guardians,CLE
680757,Steven Kwan,,,Outfielder,7,38,114,Cleveland Guardians,CLE
657656,Ramón Laureano,,,Outfielder,9,10,114,Cleveland Guardians,CLE
594902,Ben Lively,,,Pitcher,1,39,114,Cleveland Guardians,CLE
700932,Kyle Manzardo,,,First Base,3,9,114,Cleveland Guardians,CLE
682657,Angel Martínez,,,Outfielder,8,1,114,Cleveland Guardians,CLE
670766,Darren McCaughan,,,Pitcher,1,56,114,Cleveland Guardians,CLE
663474,Triston McKenzie,,,Pitcher,1,24,114,Cleveland Guardians,CLE
669212,Eli Morgan,,,Pitcher,1,49,114,Cleveland Guardians,CLE
666310,Bo Naylor,,,Catcher,2,23,114,Cleveland Guardians,CLE
647304,Josh Naylor,,,First Base,3,22,114,Cleveland Guardians,CLE
678877,Jhonkensy Noel,,,Outfielder,9,43,114,Cleveland Guardians,CLE
641149,Wes Parsons,,,Pitcher,1,47,114,Cleveland Guardians,CLE
608070,José Ramírez,,,Third Base,5,11,114,Cleveland Guardians,CLE
677587,Brayan Rocchio,,,Shortstop,6,4,114,Cleveland Guardians,CLE
671286,Johnathan Rodríguez,,,Outfielder,9,30,114,Cleveland Guardians,CLE
681870,Erik Sabrowski,,,Pitcher,1,62,114,Cleveland Guardians,CLE
680704,Nick Sandlin,,,Pitcher,1,52,114,Cleveland Guardians,CLE
682177,Daniel Schneemann,,,Shortstop,6,10,114,Cleveland Guardians,CLE
671922,Cade Smith,,,Pitcher,1,36,114,Cleveland Guardians,CLE
664702,Myles Straw,,,Outfielder,8,7,114,Cleveland Guardians,CLE
657265,Peter Strzelecki,,,Pitcher,1,34,114,Cleveland Guardians,CLE
677588,José Tena,,,Third Base,5,8,114,Cleveland Guardians,CLE
657041,Lane Thomas,,,Outfielder,9,8,114,Cleveland Guardians,CLE
689958,Andrew Walters,,,Pitcher,1,63,114,Cleveland Guardians,CLE
668909,Gavin Williams,,,Pitcher,1,32,114,Cleveland Guardians,CLE
691182,Adael Amador,,,Second Base,4,1,115,Colorado Rockies,COL
687597,Jordan Beck,,,Outfielder,7,27,115,Colorado Rockies,COL
656222,Jalen Beeks,,,Pitcher,1,68,115,Colorado Rockies,COL
656234,Jake Bird,,,Pitcher,1,59,115,Colorado Rockies,COL
621389,Ty Blach,,,Pitcher,1,50,115,Colorado Rockies,COL
453568,Charlie Blackmon,,,Outfielder,9,19,115,Colorado Rockies,COL
687134,Bradley Blalock,,,Pitcher,1,64,115,Colorado Rockies,COL
656248,Sean Bouchard,,,Outfielder,9,12,115,Colorado Rockies,COL
592178,Kris Bryant,,,Outfielder,9,23,115,Colorado Rockies,COL
571539,Matt Carasiti,,,Pitcher,1,29,115,Colorado Rockies,COL
595909,Jake Cave,,,Outfielder,9,11,115,Colorado Rockies,COL
683409,Angel Chivilli,,,Pitcher,1,57,115,Colorado Rockies,COL
676105,Jeff Criswell,,,Pitcher,1,46,115,Colorado Rockies,COL
595928,John Curtiss,,,Pitcher,1,37,115,Colorado Rockies,COL
663562,Noah Davis,,,Pitcher,1,63,115,Colorado Rockies,COL
553869,Elias Díaz,,,Catcher,2,35,115,Colorado Rockies,COL
686668,Brenton Doyle,,,Outfielder,8,9,115,Colorado Rockies,COL
663372,Ryan Feltner,,,Pitcher,1,18,115,Colorado Rockies,COL
607536,Kyle Freeland,,,Pitcher,1,21,115,Colorado Rockies,COL
656458,Lucas Gilbreath,,,Pitcher,1,58,115,Colorado Rockies,COL
596295,Austin Gomber,,,Pitcher,1,26,115,Colorado Rockies,COL
696100,Hunter Goodman,,,Catcher,2,15,115,Colorado Rockies,COL
685299,Tanner Gordon,,,Pitcher,1,29,115,Colorado Rockies,COL
678020,Seth Halvorsen,,,Pitcher,1,54,115,Colorado Rockies,COL
664129,Geoff Hartlieb,,,Pitcher,1,36,115,Colorado Rockies,COL
677955,Jaden Hill,,,Pitcher,1,0,115,Colorado Rockies,COL
656541,Sam Hilliard,,,Outfielder,7,16,115,Colorado Rockies,COL
641712,Dakota Hudson,,,Pitcher,1,32,115,Colorado Rockies,COL
675659,Greg Jones,,,Outfielder,9,2,115,Colorado Rockies,COL
666134,Nolan Jones,,,Outfielder,7,22,115,Colorado Rockies,COL
687145,Evan Justice,,,Pitcher,1,56,115,Colorado Rockies,COL
641755,Tyler Kinley,,,Pitcher,1,40,115,Colorado Rockies,COL
571863,Matt Koch,,,Pitcher,1,54,115,Colorado Rockies,COL
663567,Peter Lambert,,,Pitcher,1,20,115,Colorado Rockies,COL
664875,Justin Lawrence,,,Pitcher,1,61,115,Colorado Rockies,COL
608566,Germán Márquez,,,Pitcher,1,48,115,Colorado Rockies,COL
641857,Ryan McMahon,,,Third Base,5,24,115,Colorado Rockies,COL
683232,Nick Mears,,,Pitcher,1,46,115,Colorado Rockies,COL
683627,Anthony Molina,,,Pitcher,1,43,115,Colorado Rockies,COL
660707,Elehuris Montero,,,First Base,3,44,115,Colorado Rockies,COL
678821,Luis Peralta,,,Pitcher,1,41,115,Colorado Rockies,COL
666207,Riley Pint,,,Pitcher,1,41,115,Colorado Rockies,COL
615698,Cal Quantrill,,,Pitcher,1,47,115,Colorado Rockies,COL
663898,Brendan Rodgers,,,Second Base,4,7,115,Colorado Rockies,COL
642028,Josh Rogers,,,Pitcher,1,60,115,Colorado Rockies,COL
691011,Drew Romo,,,Catcher,2,3,115,Colorado Rockies,COL
668845,Aaron Schunk,,,Second Base,4,30,115,Colorado Rockies,COL
622608,Antonio Senzatela,,,Pitcher,1,49,115,Colorado Rockies,COL
592741,Chasen Shreve,,,Pitcher,1,46,115,Colorado Rockies,COL
607732,Jacob Stallings,,,Catcher,2,25,115,Colorado Rockies,COL
669911,Michael Toglia,,,First Base,3,4,115,Colorado Rockies,COL
678662,Ezequiel Tovar,,,Shortstop,6,14,115,Colorado Rockies,COL
676701,Alan Trejo,,,Second Base,4,13,115,Colorado Rockies,COL
680767,Victor Vodnik,,,Pitcher,1,38,115,Colorado Rockies,COL
668731,Akil Baddoo,,,Outfielder,7,60,116,Detroit Tigers,DET
595879,Javier Báez,,,Shortstop,6,28,116,Detroit Tigers,DET
689225,Beau Brieske,,,Pitcher,1,4,116,Detroit Tigers,DET
592192,Mark Canha,,,First Base,3,21,116,Detroit Tigers,DET
681481,Kerry Carpenter,,,Outfielder,9,30,116,Detroit Tigers,DET
605177,Andrew Chafin,,,Pitcher,1,17,116,Detroit Tigers,DET
693307,Dillon Dingler,,,Catcher,2,38,116,Detroit Tigers,DET
669438,Mason Englert,,,Pitcher,1,53,116,Detroit Tigers,DET
656412,Alex Faedo,,,Pitcher,1,49,116,Detroit Tigers,DET
656427,Jack Flaherty,,,Pitcher,1,9,116,Detroit Tigers,DET
671345,Jason Foley,,,Pitcher,1,68,116,Detroit Tigers,DET
682985,Riley Greene,,,Outfielder,7,31,116,Detroit Tigers,DET
674944,Sean Guenther,,,Pitcher,1,73,116,Detroit Tigers,DET
669724,Brenan Hanifee,,,Pitcher,1,75,116,Detroit Tigers,DET
663947,Tyler Holton,,,Pitcher,1,87,116,Detroit Tigers,DET
676428,Brant Hurter,,,Pitcher,1,48,116,Detroit Tigers,DET
628451,Andy Ibáñez,,,Second Base,4,77,116,Detroit Tigers,DET
695549,Jackson Jobe,,,Pitcher,1,21,116,Detroit Tigers,DET
690291,Jace Jung,,,Third Base,5,17,116,Detroit Tigers,DET
690993,Colt Keith,,,Second Base,4,33,116,Detroit Tigers,DET
608348,Carson Kelly,,,Catcher,2,15,116,Detroit Tigers,DET
671083,Buddy Kennedy,,,Second Base,4,40,116,Detroit Tigers,DET
668952,Ryan Kreidler,,,Shortstop,6,32,116,Detroit Tigers,DET
656638,Alex Lange,,,Pitcher,1,55,116,Detroit Tigers,DET
687922,Easton Lucas,,,Pitcher,1,57,116,Detroit Tigers,DET
680744,Ty Madden,,,Pitcher,1,36,116,Detroit Tigers,DET
676632,Bligh Madris,,,First Base,3,40,116,Detroit Tigers,DET
628317,Kenta Maeda,,,Pitcher,1,18,116,Detroit Tigers,DET
669234,Justyn-Henry Malloy,,,Outfielder,7,44,116,Detroit Tigers,DET
666159,Matt Manning,,,Pitcher,1,25,116,Detroit Tigers,DET
656716,Zach McKinstry,,,Shortstop,6,39,116,Detroit Tigers,DET
678009,Parker Meadows,,,Outfielder,8,22,116,Detroit Tigers,DET
571946,Shelby Miller,,,Pitcher,1,7,116,Detroit Tigers,DET
663554,Casey Mize,,,Pitcher,1,12,116,Detroit Tigers,DET
672456,Keider Montero,,,Pitcher,1,54,116,Detroit Tigers,DET
681857,Reese Olson,,,Pitcher,1,45,116,Detroit Tigers,DET
672761,Wenceel Pérez,,,Outfielder,9,46,116,Detroit Tigers,DET
668670,Jake Rogers,,,Catcher,2,34,116,Detroit Tigers,DET
676614,Bryan Sammons,,,Pitcher,1,62,116,Detroit Tigers,DET
669373,Tarik Skubal,,,Pitcher,1,29,116,Detroit Tigers,DET
700242,Trey Sweeney,,,Shortstop,6,27,116,Detroit Tigers,DET
679529,Spencer Torkelson,,,First Base,3,20,116,Detroit Tigers,DET
570482,Gio Urshela,,,Third Base,5,13,116,Detroit Tigers,DET
676568,Ricky Vanasco,,,Pitcher,1,57,116,Detroit Tigers,DET
676684,Will Vest,,,Pitcher,1,19,116,Detroit Tigers,DET
663837,Matt Vierling,,,Outfielder,8,8,116,Detroit Tigers,DET
668723,Ryan Vilade,,,Outfielder,7,50,116,Detroit Tigers,DET
666214,Joey Wentz,,,Pitcher,1,43,116,Detroit Tigers,DET
650556,Bryan Abreu,,,Pitcher,1,52,117,Houston Astros,HOU
547989,José Abreu,,,First Base,3,79,117,Houston Astros,HOU
514888,Jose Altuve,,,Second Base,4,27,117,Houston Astros,HOU
670541,Yordan Alvarez,,,Outfielder,7,44,117,Houston Astros,HOU
676070,Jacob Amaya,,,Second Base,4,15,117,Houston Astros,HOU
681293,Spencer Arrighetti,,,Pitcher,1,41,117,Houston Astros,HOU
656232,Brandon Bielak,,,Pitcher,1,64,117,Houston Astros,HOU
669854,Ronel Blanco,,,Pitcher,1,56,117,Houston Astros,HOU
814005,Jake Bloss,,,Pitcher,1,39,117,Houston Astros,HOU
608324,Alex Bregman,,,Third Base,5,2,117,Houston Astros,HOU
686613,Hunter Brown,,,Pitcher,1,58,117,Houston Astros,HOU
663550,Trey Cabbage,,,Outfielder,9,38,117,Houston Astros,HOU
605170,Victor Caratini,,,Catcher,2,17,117,Houston Astros,HOU
669395,Dylan Coleman,,,Pitcher,1,54,117,Houston Astros,HOU
664351,Luis Contreras,,,Pitcher,1,73,117,Houston Astros,HOU
701305,Zach Dezenzo,,,First Base,3,9,117,Houston Astros,HOU
649557,Aledmys Díaz,,,Shortstop,6,12,117,Houston Astros,HOU
622766,Miguel Díaz,,,Pitcher,1,,117,Houston Astros,HOU
673237,Yainer Diaz,,,Catcher,2,21,117,Houston Astros,HOU
681869,Shawn Dubin,,,Pitcher,1,66,117,Houston Astros,HOU
643289,Mauricio Dubón,,,Outfielder,7,14,117,Houston Astros,HOU
657571,Caleb Ferguson,,,Pitcher,1,64,117,Houston Astros,HOU
641585,J.P. France,,,Pitcher,1,68,117,Houston Astros,HOU
592325,Ben Gamel,,,Outfielder,9,12,117,Houston Astros,HOU
623352,Josh Hader,,,Pitcher,1,71,117,Houston Astros,HOU
668874,Blair Henley,,,Pitcher,1,70,117,Houston Astros,HOU
663321,Nick Hernandez,,,Pitcher,1,72,117,Houston Astros,HOU
518792,Jason Heyward,,,Outfielder,9,22,117,Houston Astros,HOU
669450,Cooper Hummel,,,Outfielder,7,1,117,Houston Astros,HOU
664299,Cristian Javier,,,Pitcher,1,53,117,Houston Astros,HOU
666197,Grae Kessinger,,,Third Base,5,11,117,Houston Astros,HOU
579328,Yusei Kikuchi,,,Pitcher,1,16,117,Houston Astros,HOU
687911,Bryan King,,,Pitcher,1,74,117,Houston Astros,HOU
669270,Joel Kuhnel,,,Pitcher,1,72,117,Houston Astros,HOU
694175,Pedro León,,,Outfielder,9,4,117,Houston Astros,HOU
694388,Joey Loperfido,,,Outfielder,7,10,117,Houston Astros,HOU
661527,Seth Martinez,,,Pitcher,1,61,117,Houston Astros,HOU
676801,Chas McCormick,,,Outfielder,7,20,117,Houston Astros,HOU
676694,Jake Meyers,,,Outfielder,8,6,117,Houston Astros,HOU
606160,Rafael Montero,,,Pitcher,1,47,117,Houston Astros,HOU
656786,Parker Mushinski,,,Pitcher,1,67,117,Houston Astros,HOU
593576,Héctor Neris,,,Pitcher,1,50,117,Houston Astros,HOU
672391,Kaleb Ort,,,Pitcher,1,63,117,Houston Astros,HOU
665161,Jeremy Peña,,,Shortstop,6,3,117,Houston Astros,HOU
519151,Ryan Pressly,,,Pitcher,1,55,117,Houston Astros,HOU
663967,César Salazar,,,Catcher,2,18,117,Houston Astros,HOU
605463,Tayler Scott,,,Pitcher,1,50,117,Houston Astros,HOU
572138,Jon Singleton,,,First Base,3,28,117,Houston Astros,HOU
666208,Alex Speas,,,Pitcher,1,64,117,Houston Astros,HOU
593833,Wander Suero,,,Pitcher,1,48,117,Houston Astros,HOU
663656,Kyle Tucker,,,Outfielder,9,30,117,Houston Astros,HOU
664285,Framber Valdez,,,Pitcher,1,59,117,Houston Astros,HOU
434378,Justin Verlander,,,Pitcher,1,35,117,Houston Astros,HOU
694376,Shay Whitcomb,,,Shortstop,6,10,117,Houston Astros,HOU
666215,Forrest Whitley,,,Pitcher,1,60,117,Houston Astros,HOU
680769,CJ Alexander,,,Third Base,5,40,118,Kansas City Royals,KC
656186,Dan Altavilla,,,Pitcher,1,54,118,Kansas City Royals,KC
623433,Nick Anderson,,,Pitcher,1,63,118,Kansas City Royals,KC
680118,Dairon Blanco,,,Outfielder,7,44,118,Kansas City Royals,KC
680742,Jonathan Bowlan,,,Pitcher,1,62,118,Kansas City Royals,KC
663460,Kris Bubic,,,Pitcher,1,50,118,Kansas City Royals,KC
674444,Steven Cruz,,,Pitcher,1,64,118,Kansas City Royals,KC
657557,Paul DeJong,,,Shortstop,6,15,118,Kansas City Royals,KC
608648,Tyler Duffey,,,Pitcher,1,21,118,Kansas City Royals,KC
668674,Lucas Erceg,,,Pitcher,1,60,118,Kansas City Royals,KC
666023,Freddy Fermin,,,Catcher,2,34,118,Kansas City Royals,KC
624428,Adam Frazier,,,Second Base,4,26,118,Kansas City Royals,KC
672580,Maikel Garcia,,,Third Base,5,11,118,Kansas City Royals,KC
694355,Tyler Gentry,,,Outfielder,9,27,118,Kansas City Royals,KC
543257,Robbie Grossman,,,Outfielder,9,8,118,Kansas City Royals,KC
493329,Yuli Gurriel,,,First Base,3,18,118,Kansas City Royals,KC
641658,Garrett Hampson,,,Outfielder,8,2,118,Kansas City Royals,KC
640451,Hunter Harvey,,,Pitcher,1,56,118,Kansas City Royals,KC
672578,Carlos Hernández,,,Pitcher,1,43,118,Kansas City Royals,KC
664728,Kyle Isbel,,,Outfielder,8,28,118,Kansas City Royals,KC
694361,Will Klein,,,Pitcher,1,36,118,Kansas City Royals,KC
679845,Nick Loftin,,,Second Base,4,12,118,Kansas City Royals,KC
669674,Sam Long,,,Pitcher,1,73,118,Kansas City Royals,KC
547179,Michael Lorenzen,,,Pitcher,1,24,118,Kansas City Royals,KC
607625,Seth Lugo,,,Pitcher,1,67,118,Kansas City Royals,KC
543475,Jordan Lyles,,,Pitcher,1,24,118,Kansas City Royals,KC
663738,Daniel Lynch IV,,,Pitcher,1,41,118,Kansas City Royals,KC
679525,Alec Marsh,,,Pitcher,1,48,118,Kansas City Royals,KC
686681,Michael Massey,,,Second Base,4,19,118,Kansas City Royals,KC
663704,James McArthur,,,Pitcher,1,66,118,Kansas City Royals,KC
669004,MJ Melendez,,,Outfielder,7,1,118,Kansas City Royals,KC
686469,Vinnie Pasquantino,,,First Base,3,9,118,Kansas City Royals,KC
679156,Walter Pennington,,,Pitcher,1,65,118,Kansas City Royals,KC
521692,Salvador Perez,,,Catcher,2,13,118,Kansas City Royals,KC
502054,Tommy Pham,,,Outfielder,9,22,118,Kansas City Royals,KC
668472,Nick Pratto,,,First Base,3,32,118,Kansas City Royals,KC
666142,Cole Ragans,,,Pitcher,1,55,118,Kansas City Royals,KC
592669,Hunter Renfroe,,,Outfielder,9,16,118,Kansas City Royals,KC
669422,Matt Sauer,,,Pitcher,1,65,118,Kansas City Royals,KC
670167,John Schreiber,,,Pitcher,1,46,118,Kansas City Royals,KC
681882,Colin Selby,,,Pitcher,1,60,118,Kansas City Royals,KC
663903,Brady Singer,,,Pitcher,1,51,118,Kansas City Royals,KC
519293,Will Smith,,,Pitcher,1,31,118,Kansas City Royals,KC
608717,Chris Stratton,,,Pitcher,1,35,118,Kansas City Royals,KC
676369,Nelson Velázquez,,,Outfielder,9,17,118,Kansas City Royals,KC
685107,Anthony Veneziano,,,Pitcher,1,69,118,Kansas City Royals,KC
608379,Michael Wacha,,,Pitcher,1,52,118,Kansas City Royals,KC
671221,Drew Waters,,,Outfielder,9,8,118,Kansas City Royals,KC
677951,Bobby Witt Jr.,,,Shortstop,6,7,118,Kansas City Royals,KC
672582,Angel Zerpa,,,Pitcher,1,61,118,Kansas City Royals,KC
605113,Nick Ahmed,,,Shortstop,6,12,119,Los Angeles Dodgers,LAD
607455,Anthony Banda,,,Pitcher,1,43,119,Los Angeles Dodgers,LAD
605131,Austin Barnes,,,Catcher,2,15,119,Los Angeles Dodgers,LAD
605141,Mookie Betts,,,Shortstop,6,50,119,Los Angeles Dodgers,LAD
624415,Cavan Biggio,,,Second Base,4,6,119,Los Angeles Dodgers,LAD
518489,Ryan Brasier,,,Pitcher,1,57,119,Los Angeles Dodgers,LAD
641401,Connor Brogdon,,,Pitcher,1,75,119,Los Angeles Dodgers,LAD
621111,Walker Buehler,,,Pitcher,1,21,119,Los Angeles Dodgers,LAD
676508,Ben Casparius,,,Pitcher,1,78,119,Los Angeles Dodgers,LAD
622503,Nabil Crismatt,,,Pitcher,1,70,119,Los Angeles Dodgers,LAD
669242,Tommy Edman,,,Outfielder,8,25,119,Los Angeles Dodgers,LAD
676439,Hunter Feduccia,,,Catcher,2,67,119,Los Angeles Dodgers,LAD
656420,J.P. Feyereisen,,,Pitcher,1,45,119,Los Angeles Dodgers,LAD
656427,Jack Flaherty,,,Pitcher,1,0,119,Los Angeles Dodgers,LAD
518692,Freddie Freeman,,,First Base,3,5,119,Los Angeles Dodgers,LAD
607192,Tyler Glasnow,,,Pitcher,1,31,119,Los Angeles Dodgers,LAD
660813,Brusdar Graterol,,,Pitcher,1,48,119,Los Angeles Dodgers,LAD
675627,Michael Grove,,,Pitcher,1,29,119,Los Angeles Dodgers,LAD
683618,Edgardo Henriquez,,,Pitcher,1,60,119,Los Angeles Dodgers,LAD
622694,Elieser Hernández,,,Pitcher,1,52,119,Los Angeles Dodgers,LAD
571771,Enrique Hernández,,,Third Base,5,8,119,Los Angeles Dodgers,LAD
606192,Teoscar Hernández,,,Outfielder,7,37,119,Los Angeles Dodgers,LAD
518792,Jason Heyward,,,Outfielder,9,23,119,Los Angeles Dodgers,LAD
641703,Brent Honeywell,,,Pitcher,1,40,119,Los Angeles Dodgers,LAD
543339,Daniel Hudson,,,Pitcher,1,41,119,Los Angeles Dodgers,LAD
669165,Kyle Hurt,,,Pitcher,1,63,119,Los Angeles Dodgers,LAD
523260,Joe Kelly,,,Pitcher,1,99,119,Los Angeles Dodgers,LAD
477132,Clayton Kershaw,,,Pitcher,1,22,119,Los Angeles Dodgers,LAD
595281,Kevin Kiermaier,,,Outfielder,8,93,119,Los Angeles Dodgers,LAD
689017,Landon Knack,,,Pitcher,1,96,119,Los Angeles Dodgers,LAD
656629,Michael Kopech,,,Pitcher,1,45,119,Los Angeles Dodgers,LAD
659275,Dinelson Lamet,,,Pitcher,1,94,119,Los Angeles Dodgers,LAD
656657,Zach Logue,,,Pitcher,1,62,119,Los Angeles Dodgers,LAD
666158,Gavin Lux,,,Second Base,4,9,119,Los Angeles Dodgers,LAD
676272,Bobby Miller,,,Pitcher,1,28,119,Los Angeles Dodgers,LAD
571970,Max Muncy,,,Third Base,5,13,119,Los Angeles Dodgers,LAD
660271,Shohei Ohtani,,,Two-Way Player,Y,17,119,Los Angeles Dodgers,LAD
681546,James Outman,,,Outfielder,8,33,119,Los Angeles Dodgers,LAD
681624,Andy Pages,,,Outfielder,8,44,119,Los Angeles Dodgers,LAD
572020,James Paxton,,,Pitcher,1,65,119,Los Angeles Dodgers,LAD
656848,Michael Petersen,,,Pitcher,1,90,119,Los Angeles Dodgers,LAD
623465,Evan Phillips,,,Pitcher,1,59,119,Los Angeles Dodgers,LAD
598286,Nick Ramirez,,,Pitcher,1,64,119,Los Angeles Dodgers,LAD
670990,Yohan Ramírez,,,Pitcher,1,46,119,Los Angeles Dodgers,LAD
500743,Miguel Rojas,,,Shortstop,6,11,119,Los Angeles Dodgers,LAD
642708,Amed Rosario,,,Second Base,4,27,119,Los Angeles Dodgers,LAD
689981,River Ryan,,,Pitcher,1,77,119,Los Angeles Dodgers,LAD
674285,Eduardo Salazar,,,Pitcher,1,60,119,Los Angeles Dodgers,LAD
669257,Will Smith,,,Catcher,2,16,119,Los Angeles Dodgers,LAD
694813,Gavin Stone,,,Pitcher,1,35,119,Los Angeles Dodgers,LAD
621035,Chris Taylor,,,Outfielder,7,3,119,Los Angeles Dodgers,LAD
666211,Taylor Trammell,,,Outfielder,7,6,119,Los Angeles Dodgers,LAD
595014,Blake Treinen,,,Pitcher,1,49,119,Los Angeles Dodgers,LAD
676568,Ricky Vanasco,,,Pitcher,1,61,119,Los Angeles Dodgers,LAD
678246,Miguel Vargas,,,Outfielder,7,27,119,Los Angeles Dodgers,LAD
681402,Gus Varland,,,Pitcher,1,58,119,Los Angeles Dodgers,LAD
681911,Alex Vesia,,,Pitcher,1,51,119,Los Angeles Dodgers,LAD
680736,Justin Wrobleski,,,Pitcher,1,70,119,Los Angeles Dodgers,LAD
808967,Yoshinobu Yamamoto,,,Pitcher,1,18,119,Los Angeles Dodgers,LAD
642232,Ryan Yarbrough,,,Pitcher,1,56,119,Los Angeles Dodgers,LAD
682928,CJ Abrams,,,Shortstop,6,5,120,Washington Nationals,WSH
656180,Riley Adams,,,Catcher,2,15,120,Washington Nationals,WSH
672851,Joan Adon,,,Pitcher,1,60,120,Washington Nationals,WSH
671117,Darren Baker,,,Second Base,4,10,120,Washington Nationals,WSH
606930,Jacob Barnes,,,Pitcher,1,59,120,Washington Nationals,WSH
598264,Matt Barnes,,,Pitcher,1,41,120,Washington Nationals,WSH
663905,Travis Blankenhorn,,,Outfielder,9,33,120,Washington Nationals,WSH
694350,Zach Brzykcy,,,Pitcher,1,66,120,Washington Nationals,WSH
669743,Alex Call,,,Outfielder,9,17,120,Washington Nationals,WSH
665953,Andrés Chaparro,,,First Base,3,19,120,Washington Nationals,WSH
571578,Patrick Corbin,,,Pitcher,1,46,120,Washington Nationals,WSH
686611,Dylan Crews,,,Outfielder,9,3,120,Washington Nationals,WSH
678606,Jose A. Ferrer,,,Pitcher,1,47,120,Washington Nationals,WSH
640448,Kyle Finnegan,,,Pitcher,1,67,120,Washington Nationals,WSH
571670,Dylan Floro,,,Pitcher,1,44,120,Washington Nationals,WSH
608336,Joey Gallo,,,First Base,3,24,120,Washington Nationals,WSH
671277,Luis García Jr.,,,Second Base,4,2,120,Washington Nationals,WSH
676395,Robert Garcia,,,Pitcher,1,61,120,Washington Nationals,WSH
656448,Stone Garrett,,,Outfielder,9,36,120,Washington Nationals,WSH
669022,MacKenzie Gore,,,Pitcher,1,1,120,Washington Nationals,WSH
680686,Josiah Gray,,,Pitcher,1,40,120,Washington Nationals,WSH
640451,Hunter Harvey,,,Pitcher,1,73,120,Washington Nationals,WSH
687792,DJ Herz,,,Pitcher,1,74,120,Washington Nationals,WSH
663623,Jake Irvin,,,Pitcher,1,27,120,Washington Nationals,WSH
686747,Joe La Sorsa,,,Pitcher,1,53,120,Washington Nationals,WSH
571882,Derek Law,,,Pitcher,1,58,120,Washington Nationals,WSH
702358,Trey Lipscomb,,,Third Base,5,38,120,Washington Nationals,WSH
608841,Joey Meneses,,,First Base,3,45,120,Washington Nationals,WSH
686452,Drew Millas,,,Catcher,2,81,120,Washington Nationals,WSH
683083,Nasim Nuñez,,,Shortstop,6,26,120,Washington Nationals,WSH
680730,Mitchell Parker,,,Pitcher,1,70,120,Washington Nationals,WSH
663432,Tanner Rainey,,,Pitcher,1,21,120,Washington Nationals,WSH
623912,Harold Ramírez,,,Outfielder,9,43,120,Washington Nationals,WSH
687377,Orlando Ribalta,,,Pitcher,1,64,120,Washington Nationals,WSH
645302,Victor Robles,,,Outfielder,9,16,120,Washington Nationals,WSH
592696,Eddie Rosario,,,Outfielder,9,8,120,Washington Nationals,WSH
660688,Keibert Ruiz,,,Catcher,2,20,120,Washington Nationals,WSH
671131,Jackson Rutledge,,,Pitcher,1,79,120,Washington Nationals,WSH
674285,Eduardo Salazar,,,Pitcher,1,62,120,Washington Nationals,WSH
669222,Nick Senzel,,,Third Base,5,13,120,Washington Nationals,WSH
677588,José Tena,,,Third Base,5,8,120,Washington Nationals,WSH
657041,Lane Thomas,,,Outfielder,9,28,120,Washington Nationals,WSH
545121,Ildemaro Vargas,,,Third Base,5,14,120,Washington Nationals,WSH
607179,Jordan Weems,,,Pitcher,1,51,120,Washington Nationals,WSH
592866,Trevor Williams,,,Pitcher,1,32,120,Washington Nationals,WSH
686294,Amos Willingham,,,Pitcher,1,54,120,Washington Nationals,WSH
608385,Jesse Winker,,,Outfielder,7,6,120,Washington Nationals,WSH
695578,James Wood,,,Outfielder,7,29,120,Washington Nationals,WSH
660766,Juan Yepez,,,First Base,3,18,120,Washington Nationals,WSH
696285,Jacob Young,,,Outfielder,8,30,120,Washington Nationals,WSH
682668,Luisangel Acuña,,,Shortstop,6,2,121,New York Mets,NYM
686654,Ty Adcock,,,Pitcher,1,,121,New York Mets,NYM
624413,Pete Alonso,,,First Base,3,20,121,New York Mets,NYM
657193,Eddy Alvarez,,,Second Base,4,26,121,New York Mets,NYM
682626,Francisco Alvarez,,,Catcher,2,4,121,New York Mets,NYM
664056,Harrison Bader,,,Outfielder,8,44,121,New York Mets,NYM
683146,Brett Baty,,,Third Base,5,7,121,New York Mets,NYM
621112,Paul Blackburn,,,Pitcher,1,58,121,New York Mets,NYM
623211,Huascar Brazobán,,,Pitcher,1,43,121,New York Mets,NYM
676130,José Buttó,,,Pitcher,1,70,121,New York Mets,NYM
621242,Edwin Díaz,,,Pitcher,1,39,121,New York Mets,NYM
518617,Jake Diekman,,,Pitcher,1,30,121,New York Mets,NYM
670036,Matt Festa,,,Pitcher,1,73,121,New York Mets,NYM
592325,Ben Gamel,,,Outfielder,9,21,121,New York Mets,NYM
657585,Reed Garrett,,,Pitcher,1,75,121,New York Mets,NYM
701643,Grant Hartwig,,,Pitcher,1,56,121,New York Mets,NYM
605288,Adrian Houser,,,Pitcher,1,35,121,New York Mets,NYM
621529,Joe Hudson,,,Catcher,2,57,121,New York Mets,NYM
578428,Jose Iglesias,,,Second Base,4,11,121,New York Mets,NYM
664079,Tyler Jay,,,Pitcher,1,74,121,New York Mets,NYM
596019,Francisco Lindor,,,Shortstop,6,12,121,New York Mets,NYM
605347,Jorge López,,,Pitcher,1,52,121,New York Mets,NYM
664192,Joey Lucchesi,,,Pitcher,1,47,121,New York Mets,NYM
640455,Sean Manaea,,,Pitcher,1,59,121,New York Mets,NYM
516782,Starling Marte,,,Outfielder,9,6,121,New York Mets,NYM
502110,J.D. Martinez,,,Designated Hitter,10,28,121,New York Mets,NYM
664208,Phil Maton,,,Pitcher,1,88,121,New York Mets,NYM
643446,Jeff McNeil,,,Second Base,4,1,121,New York Mets,NYM
656731,Tylor Megill,,,Pitcher,1,38,121,New York Mets,NYM
553882,Omar Narváez,,,Catcher,2,2,121,New York Mets,NYM
621512,Tomás Nido,,,Catcher,2,3,121,New York Mets,NYM
607043,Brandon Nimmo,,,Outfielder,7,9,121,New York Mets,NYM
673380,Dedniel Núñez,,,Pitcher,1,72,121,New York Mets,NYM
679358,Eric Orze,,,Pitcher,1,53,121,New York Mets,NYM
493603,Adam Ottavino,,,Pitcher,1,0,121,New York Mets,NYM
656849,David Peterson,,,Pitcher,1,23,121,New York Mets,NYM
500779,Jose Quintana,,,Pitcher,1,62,121,New York Mets,NYM
548384,Brooks Raley,,,Pitcher,1,25,121,New York Mets,NYM
670990,Yohan Ramírez,,,Pitcher,1,46,121,New York Mets,NYM
656887,Sean Reid-Foley,,,Pitcher,1,71,121,New York Mets,NYM
622569,Pablo Reyes,,,Second Base,4,26,121,New York Mets,NYM
681035,Christian Scott,,,Pitcher,1,45,121,New York Mets,NYM
673540,Kodai Senga,,,Pitcher,1,34,121,New York Mets,NYM
622663,Luis Severino,,,Pitcher,1,40,121,New York Mets,NYM
670097,Zack Short,,,Third Base,5,21,121,New York Mets,NYM
622098,Drew Smith,,,Pitcher,1,33,121,New York Mets,NYM
592773,Ryne Stanek,,,Pitcher,1,55,121,New York Mets,NYM
621466,DJ Stewart,,,Outfielder,9,29,121,New York Mets,NYM
642121,Cole Sulser,,,Pitcher,1,54,121,New York Mets,NYM
621438,Tyrone Taylor,,,Outfielder,9,15,121,New York Mets,NYM
527054,Julio Teheran,,,Pitcher,1,49,121,New York Mets,NYM
543859,Michael Tonkin,,,Pitcher,1,51,121,New York Mets,NYM
620443,Luis Torrens,,,Catcher,2,13,121,New York Mets,NYM
668901,Mark Vientos,,,Third Base,5,27,121,New York Mets,NYM
677020,Josh Walker,,,Pitcher,1,91,121,New York Mets,NYM
621563,Joey Wendle,,,Second Base,4,13,121,New York Mets,NYM
608385,Jesse Winker,,,Outfielder,7,3,121,New York Mets,NYM
622065,Alex Young,,,Pitcher,1,46,121,New York Mets,NYM
664849,Danny Young,,,Pitcher,1,81,121,New York Mets,NYM
